tree
version=v4
num_class=1
num_tree_per_iteration=1
label_index=0
max_feature_idx=18
objective=regression
feature_names=jogos_num rodada_id status_id media_num variacao_num preco_num pontos_rodadas_mean pontos_rodadas_std num_rodadas_jogou value_score player_avg_points player_consistency player_games_count position_avg_points position_percentile points_prev_round points_change value_vs_position posicao_encoded
feature_infos=[0:1] none [2:7] [-6:17.199999999999999] [-3.9199999999999999:4.7699999999999996] [0.70999999999999996:20.09] [-6:17.199999999999999] none [0:1] [-0.98684210526315785:2.0792079207920793] [-6:17.199999999999999] none none [1.0893939393939396:5.4580000000000002] [0.008771929824561403:1] none [-6:17.199999999999999] [-1.1245037247656711:1.8615941911409188] [0:5]
tree_sizes=937 986 986 1074 1330 1339 1506 1505 1415 1249 1594 1591 1596 1505 1595 1254 1514 1507 1250 1505 1512 1170 1523 1341 1344 1424 1428 1430 1520 1253 1424 1434 1602 1421 1603 1691 1689 1692 1689 1689 1434 1345 1533 1621 1275 1627 1629 1627 1709 1541 1543 1630 1630 1457 1461 1636 1551 1289 1642 1550 1545 1637 1635 1296 1549 1560 1554 1462 1538 1563 1653 1643 1559 1645 1556 1298 1213 1390 1650 1299 1722 1472 1555 1388 1212 1209 1659 1739 1483 1574 1746 1389 1571 1571 1571 1402 1475 1653 1562 1575 1760 1667 1756 1311 1490 1221 1664 1665 1738 1654 1650 1216 1298 1728 1671 1665 1673 1574 1676 1671 1583 1842 1735 1568 1407 1668 1763 1765 1408 1674 1678 1403

Tree=0
num_leaves=10
num_cat=0
split_feature=3 3 3 3 3 14 3 14 0
split_gain=3281.79 411.985 330.369 70.2154 40.8409 26.3208 11.1322 0.0477646 0.0273543
threshold=4.0500000000000007 8.6000000000000014 1.2500000000000002 6.1500000000000012 2.6000000000000005 0.054198442151625149 0.25000000000000006 0.31796157059314961 1.0000000180025095e-35
decision_type=2 2 2 2 2 2 2 2 2
left_child=2 3 5 -2 -4 -1 7 -7 -9
right_child=1 -3 4 -5 -6 6 -8 8 -10
leaf_value=1.6259276658614548 1.9240526612917654 2.2370110110759809 1.7717114498321072 2.0396690405760758 1.8517490935004965 1.6806709068687185 1.7194731199788396 1.6824276632388504 1.684332425597743
leaf_weight=20 24 24 37 29 28 37 22 184 21
leaf_count=20 24 24 37 29 28 37 22 184 21
internal_value=1.76969 2.06514 1.7045 1.98731 1.80619 1.68123 1.68542 1.68232 1.68262
internal_weight=426 77 349 53 65 284 264 242 205
internal_count=426 77 349 53 65 284 264 242 205
is_linear=0
shrinkage=1


Tree=1
num_leaves=10
num_cat=0
split_feature=3 3 3 3 3 14 14 14 0
split_gain=2962.16 395.218 270.704 72.8781 34.312 23.2044 6.80631 0.0420071 0.0197583
threshold=3.9250000000000003 8.6000000000000014 1.1500000000000001 6.1500000000000012 2.2300000000000004 0.054198442151625149 0.61493114506696867 0.31796157059314961 1.0000000180025095e-35
decision_type=2 2 2 2 2 2 2 2 2
left_child=2 3 5 -2 -4 -1 7 -7 -9
right_child=1 -3 4 -5 -6 6 -8 8 -10
leaf_value=-0.13779638171195985 0.14110645629741528 0.44273278315862019 -0.00328726296460158 0.25525792549396387 0.070431205519923462 -0.085790300047075441 -0.053885803967714307 -0.084121382236480718 -0.082466619312763223
leaf_weight=20 27 24 38 29 27 37 20 184 20
leaf_count=20 27 24 38 29 27 37 20 184 20
internal_value=-0.00122273 0.272974 -0.0646209 0.200221 0.0273343 -0.0858916 -0.0819143 -0.0842403 -0.0839592
internal_weight=426 80 346 56 65 281 261 241 204
internal_count=426 80 346 56 65 281 261 241 204
is_linear=0
shrinkage=0.05


Tree=2
num_leaves=10
num_cat=0
split_feature=3 3 3 3 3 14 3 14 0
split_gain=2675.77 321.882 290.585 43.1273 39.6408 21.4282 9.01766 0.0386321 0.0207443
threshold=4.2600000000000007 1.2500000000000002 8.6000000000000014 2.6000000000000005 6.4500000000000011 0.054198442151625149 0.25000000000000006 0.31796157059314961 1.0000000180025095e-35
decision_type=2 2 2 2 2 2 2 2 2
left_child=1 5 4 -3 -2 -1 7 -7 -9
right_child=2 3 -4 -5 -6 6 -8 8 -10
leaf_value=-0.13090656161308289 0.15985326404156894 0.00066333538475068848 0.42059614260991413 0.078670546061852406 0.25171197553475699 -0.081500786220705196 -0.046578900786963383 -0.079915314912796021 -0.078256576969510036
leaf_weight=20 23 37 24 34 24 37 22 184 21
leaf_count=20 23 37 24 34 24 37 22 184 21
internal_value=-0.0011616 -0.0572024 0.279043 0.0380189 0.20676 -0.0810078 -0.0772275 -0.0800138 -0.0797454
internal_weight=426 355 71 71 47 284 264 242 205
internal_count=426 355 71 71 47 284 264 242 205
is_linear=0
shrinkage=0.05


Tree=3
num_leaves=11
num_cat=0
split_feature=3 3 3 3 3 9 14 14 0 13
split_gain=2416.26 339.696 198.072 67.3289 22.9549 19.5263 5.45676 0.0199782 0.045712 0.000652127
threshold=3.7550000000000003 8.6000000000000014 1.1500000000000001 5.7500000000000009 2.2300000000000004 -0.068843984962405999 0.61493114506696867 0.38362831858407087 1.0000000180025095e-35 1.902519201228879
decision_type=2 2 2 2 2 2 2 2 2 2
left_child=2 3 5 -2 -4 -1 7 8 9 -7
right_child=1 -3 4 -5 -6 6 -8 -9 -10 -11
leaf_value=-0.1251420131325722 0.12212876163679978 0.39956633647282924 -0.0029695843370925439 0.22896958311398824 0.059490980704625454 -0.07591955065727235 -0.048783375024795538 -0.074706823698111949 -0.078285721486265017 -0.075668990612030029
leaf_weight=20 29 24 38 30 24 160 20 28 22 31
leaf_count=20 29 24 38 30 24 160 20 28 22 31
internal_value=-0.00110352 0.240969 -0.0596808 0.176455 0.0212087 -0.0775283 -0.0738797 -0.0759624 -0.0761275 -0.0758789
internal_weight=426 83 343 59 62 281 261 241 213 191
internal_count=426 83 343 59 62 281 261 241 213 191
is_linear=0
shrinkage=0.05


Tree=4
num_leaves=14
num_cat=0
split_feature=3 3 3 3 3 9 3 5 17 2 13 5 5
split_gain=2182.91 261.951 236.359 38.2404 30.9415 18.5916 10.5058 0.0126952 0.00733754 0.00515127 0.00326189 1.68945e-06 1.67101e-06
threshold=4.2600000000000007 1.4500000000000002 9.2300000000000022 6.7500000000000009 2.8500000000000001 -0.068843984962405999 0.25000000000000006 7.9850000000000003 -0.19974228746453723 5.5000000000000009 1.902519201228879 2.9900000000000007 4.7950000000000008
decision_type=2 2 2 2 2 2 2 2 2 2 2 2 2
left_child=1 5 3 -2 -3 -1 7 8 9 -7 11 -11 -13
right_child=2 4 -4 -5 -6 6 -8 -9 -10 10 -12 12 -14
leaf_value=-0.11888490945100785 0.15422796360377611 0.0048929519951343538 0.38818650679154831 0.2440980839729309 0.072917982749640939 -0.07272695675492287 -0.038708960666106296 -0.07330126193436709 -0.071252772212028512 -0.072141851828648504 -0.071531052942629222 -0.072123569250106809 -0.072136834748955658
leaf_weight=20 29 35 22 20 32 32 26 22 26 39 27 53 43
leaf_count=20 29 35 22 20 32 32 26 22 26 39 27 53 43
internal_value=-0.00104834 -0.0516655 0.252038 0.19091 0.0373825 -0.0723816 -0.0689112 -0.0721561 -0.0720415 -0.0721472 -0.0720327 -0.0721331 -0.0721295
internal_weight=426 355 71 49 67 288 268 242 220 194 162 135 96
internal_count=426 355 71 49 67 288 268 242 220 194 162 135 96
is_linear=0
shrinkage=0.05


Tree=5
num_leaves=14
num_cat=0
split_feature=3 3 3 3 3 3 9 4 14 14 2 14 14
split_gain=2102.46 337.806 257.307 28.0389 21.2942 20.9709 14.3272 0.296066 0.000555596 0.000106929 7.92154e-06 2.21277e-07 1.39378e-07
threshold=4.4850000000000003 9.6000000000000014 1.5500000000000003 6.4500000000000011 3.1000000000000005 0.55000000000000016 -0.034012348196714615 -0.20499999999999999 0.31796157059314961 0.38362831858407087 5.5000000000000009 0.33017355215996985 0.34435483870967748
decision_type=2 2 2 2 2 2 2 2 2 2 2 2 2
left_child=2 3 5 -2 -4 6 -1 -8 -9 10 -10 -12 -13
right_child=1 -3 4 -5 -6 -7 7 8 9 -11 11 12 -14
leaf_value=-0.11181506216526033 0.14867798066139223 0.43059535026550294 0.019272980157818115 0.22704795485451107 0.078372040059831408 -0.02563952590738024 -0.063277912332165634 -0.068294160366058357 -0.068481752134504775 -0.068617776367399436 -0.068511852249503138 -0.06851738890012106 -0.068513377688147803
leaf_weight=20 25 20 35 21 27 28 31 30 21 27 48 63 33
leaf_count=20 25 20 35 21 27 28 31 30 21 27 48 63 33
internal_value=-0.000545659 0.259043 -0.0477437 0.184456 0.0450097 -0.066849 -0.0710756 -0.0678551 -0.0684943 -0.0685255 -0.0685104 -0.0685146 -0.068516
internal_weight=429 66 363 46 62 301 273 253 222 192 165 144 96
internal_count=429 66 363 46 62 301 273 253 222 192 165 144 96
is_linear=0
shrinkage=0.05


Tree=6
num_leaves=16
num_cat=0
split_feature=3 3 3 3 3 3 9 14 0 13 5 5 13 13 13
split_gain=1897.99 279.022 261.451 23.6045 18.9262 18.8939 12.9303 0.248185 0.00823004 0.000416072 1.13584e-05 1.93114e-07 5.27114e-08 2.3843e-08 9.47013e-09
threshold=4.9000000000000012 9.6000000000000014 1.5500000000000003 3.2500000000000004 0.55000000000000016 6.4500000000000011 -0.034012348196714615 0.38362831858407087 1.0000000180025095e-35 1.902519201228879 6.9900000000000011 4.955000000000001 1.5066423433214307 1.6928867868596225 1.6928867868596225
decision_type=2 2 2 2 2 2 2 2 2 2 2 2 2 2 2
left_child=2 5 4 -4 6 -2 -1 8 9 10 11 12 -8 -13 -14
right_child=1 -3 3 -5 -6 -7 7 -9 -10 -11 -12 13 14 -15 -16
leaf_value=-0.1062243127822876 0.14862435374941146 0.40906559228897099 0.021500005888251159 0.082317027339228882 -0.024357549393815653 0.21569555884315852 -0.06508716166019439 -0.060901338806966458 -0.066116286814212805 -0.064879451990127568 -0.065052562952041634 -0.065084384441375737 -0.06508938074111939 -0.06508670061826706 -0.065090561349217479
leaf_weight=20 21 20 39 27 28 21 20 41 20 30 27 25 29 20 41
leaf_count=20 21 20 39 27 28 21 20 41 20 30 27 25 29 20 41
internal_value=-0.000518375 0.255355 -0.043745 0.0463797 -0.0635066 0.18216 -0.0675218 -0.0644624 -0.065151 -0.0650505 -0.0650822 -0.0650881 -0.0650894 -0.0650854 -0.0650901
internal_weight=429 62 367 66 301 42 273 253 212 192 162 135 90 45 70
internal_count=429 62 367 66 301 42 273 253 212 192 162 135 90 45 70
is_linear=0
shrinkage=0.05


Tree=7
num_leaves=16
num_cat=0
split_feature=6 6 6 6 6 9 6 4 13 13 5 5 13 5 5
split_gain=1713.36 274.928 209.569 22.7337 22.5721 13.3311 9.00308 0.262908 0.00110867 0.000383697 1.1571e-05 1.32253e-06 1.02226e-07 6.30934e-08 2.72314e-08
threshold=4.4850000000000003 9.6000000000000014 1.4500000000000002 6.4500000000000011 2.9500000000000006 -0.034012348196714615 0.55000000000000016 -0.20499999999999999 1.2185907750067047 1.902519201228879 6.9900000000000011 2.9900000000000007 1.6928867868596225 4.955000000000001 4.955000000000001
decision_type=2 2 2 2 2 2 2 2 2 2 2 2 2 2 2
left_child=2 3 5 -2 -4 -1 7 -7 -9 10 11 -10 14 -14 -13
right_child=1 -3 4 -5 -6 6 -8 8 9 -11 -12 12 13 -15 -16
leaf_value=-0.10091309636831283 0.13434331893920901 0.38861231803894047 0.0094908766546531742 0.20491078467596147 0.066982956086435633 -0.056925959164096464 -0.02716933275972094 -0.062141821119520407 -0.061844121558325631 -0.061635475754737858 -0.061799933513005584 -0.061832413385654317 -0.061836014944931565 -0.061832364499568943 -0.061830161571502687
leaf_weight=20 25 20 38 21 31 31 21 27 35 30 27 29 29 20 25
leaf_count=20 25 20 38 21 31 31 21 27 35 30 27 29 29 20 25
internal_value=-0.000492456 0.233848 -0.0430998 0.166559 0.0353207 -0.0615046 -0.058628 -0.0612392 -0.0618415 -0.0618 -0.0618299 -0.0618357 -0.0618329 -0.0618345 -0.0618314
internal_weight=429 66 363 46 69 294 274 253 222 195 165 138 103 49 54
internal_count=429 66 363 46 69 294 274 253 222 195 165 138 103 49 54
is_linear=0
shrinkage=0.05


Tree=8
num_leaves=15
num_cat=0
split_feature=3 3 3 3 3 3 9 4 14 13 5 5 5 13
split_gain=1547.48 226.885 213.47 21.7976 15.2155 14.2221 10.7008 0.430634 0.0124718 0.000387996 5.87283e-05 5.00395e-05 7.48369e-06 7.46094e-08
threshold=4.9000000000000012 9.6000000000000014 1.7500000000000002 0.75000000000000011 6.4500000000000011 3.2500000000000004 -0.034012348196714615 -0.74499999999999988 0.38362831858407087 1.902519201228879 3.9950000000000006 2.2200000000000002 6.9900000000000011 1.6928867868596225
decision_type=2 2 2 2 2 2 2 2 2 2 2 2 2 2
left_child=2 4 3 6 -2 -4 -1 -8 9 10 11 -9 13 -12
right_child=1 -3 5 -5 -6 -7 7 8 -10 -11 12 -13 -14 -15
leaf_value=-0.095867440402507789 0.13447596515927995 0.36918169617652896 0.025078666530316696 -0.016428421221433148 0.19466524294444496 0.07435306255464201 -0.051797081300845517 -0.058751916033881052 -0.057633428672949474 -0.058563655999399 -0.058738993681394139 -0.0588391496289161 -0.058709937334060672 -0.058742106745117588
leaf_weight=20 21 20 32 31 21 27 26 35 30 31 39 31 27 38
leaf_count=20 21 20 32 31 21 27 26 35 30 31 39 31 27 38
internal_value=-0.000467834 0.230574 -0.0394995 -0.0561894 0.164571 0.047628 -0.0606392 -0.0578977 -0.0585844 -0.0587263 -0.058756 -0.0587929 -0.0587326 -0.0587405
internal_weight=429 62 367 308 42 59 277 257 231 201 170 66 104 77
internal_count=429 62 367 308 42 59 277 257 231 201 170 66 104 77
is_linear=0
shrinkage=0.05


Tree=9
num_leaves=13
num_cat=0
split_feature=6 6 6 6 6 6 9 0 13 13 14 13
split_gain=1396.6 204.764 192.657 19.6723 13.732 12.8355 9.6575 0.394448 0.00137622 0.000304373 7.75676e-07 1.51968e-07
threshold=4.9000000000000012 9.6000000000000014 1.7500000000000002 0.75000000000000011 6.4500000000000011 3.2500000000000004 -0.034012348196714615 1.0000000180025095e-35 1.2185907750067047 1.902519201228879 0.33017355215996985 1.6928867868596225
decision_type=2 2 2 2 2 2 2 2 2 2 2 2
left_child=2 4 3 6 -2 -4 -1 8 -8 10 -10 -12
right_child=1 -3 5 -5 -6 -7 7 -9 9 -11 11 -13
leaf_value=-0.091074068844318401 0.12775216670263381 0.35072261571884156 0.023824733274523169 -0.015606999685687404 0.18493198042824155 0.070635410370650117 -0.056153056356641987 -0.050300357922127371 -0.055794010670096789 -0.055625520944595344 -0.055798904597759248 -0.055802788541597481
leaf_weight=20 21 20 32 31 21 27 27 38 54 30 40 68
leaf_count=20 21 20 32 31 21 27 27 38 54 30 40 68
internal_value=-0.000444442 0.219045 -0.0375245 -0.05338 0.156342 0.0452466 -0.0576073 -0.0550029 -0.0558188 -0.0557718 -0.0557989 -0.0558014
internal_weight=429 62 367 308 42 59 277 257 219 192 162 108
internal_count=429 62 367 308 42 59 277 257 219 192 162 108
is_linear=0
shrinkage=0.05


Tree=10
num_leaves=17
num_cat=0
split_feature=6 6 6 6 6 14 6 6 14 4 14 5 5 14 14 5
split_gain=1431.07 186.428 151.18 28.8582 19.2258 11.176 5.35191 1.61799 0.0152117 0.0390135 0.00030782 1.73068e-05 7.76493e-06 7.02958e-08 2.539e-09 2.42139e-10
threshold=4.4850000000000003 10.100000000000001 1.2500000000000002 7.5450000000000008 2.6000000000000005 0.054198442151625149 0.25000000000000006 1.7500000000000002 0.38362831858407087 -0.30499999999999994 0.31796157059314961 2.9900000000000007 6.9900000000000011 0.33017355215996985 0.34435483870967748 4.955000000000001
decision_type=2 2 2 2 2 2 2 2 2 2 2 2 2 2 2 2
left_child=2 3 5 -2 7 -1 8 -4 9 -7 -11 -12 13 -13 15 -15
right_child=1 -3 4 -5 -6 6 -8 -9 -10 10 11 12 -14 14 -16 -17
leaf_value=-0.08870413459482647 0.12557497620582581 0.34003648519515994 -0.0082875125482678429 0.2042127150297165 0.051871002146175932 -0.055300062298774724 -0.028807281553745269 0.010968393576331437 -0.051975463382129022 -0.052853773037592568 -0.053044013640819454 -0.053010454986776624 -0.052983231996667803 -0.053013738155364989 -0.053013027991567346 -0.053013504743576051
leaf_weight=21 28 20 20 20 35 20 25 24 29 36 39 28 29 25 28 20
leaf_count=21 28 20 20 20 35 20 25 24 29 36 39 28 29 25 28 20
internal_value=0.000571731 0.211781 -0.0373233 0.158341 0.0242149 -0.0535283 -0.0508807 0.00221571 -0.0530533 -0.0531922 -0.0529865 -0.0530148 -0.053006 -0.0530126 -0.0530134 -0.0530136
internal_weight=447 68 379 48 79 300 279 44 254 225 205 169 130 101 73 45
internal_count=447 68 379 48 79 300 279 44 254 225 205 169 130 101 73 45
is_linear=0
shrinkage=0.05


Tree=11
num_leaves=17
num_cat=0
split_feature=6 6 6 6 6 14 6 6 14 0 13 5 5 5 5 5
split_gain=1291.59 164.443 140.623 24.8111 18.4773 10.0863 4.8301 2.16834 0.0137286 0.0308161 0.000279462 7.67459e-06 6.08499e-08 8.10335e-08 5.1844e-09 1.67512e-08
threshold=4.9000000000000012 10.100000000000001 1.2500000000000002 7.0500000000000007 2.8500000000000001 0.054198442151625149 0.25000000000000006 1.9350000000000003 0.38362831858407087 1.0000000180025095e-35 1.902519201228879 6.9900000000000011 4.955000000000001 5.9500000000000002 3.9950000000000006 2.9900000000000007
decision_type=2 2 2 2 2 2 2 2 2 2 2 2 2 2 2 2
left_child=2 3 5 -2 7 -1 8 -4 9 10 11 12 14 -14 15 -7
right_child=1 -3 4 -5 -6 6 -8 -9 -10 -11 -12 -13 13 -15 -16 -17
leaf_value=-0.084268926580746972 0.11777644705772401 0.32303466558456423 -0.0060310274720765077 0.19058128595352175 0.05243297688888781 -0.050363586346308387 -0.027366917669773103 0.015570590112890519 -0.049376689360059539 -0.052225964268048611 -0.050201968124934604 -0.050334069235571502 -0.050359059984867394 -0.05036329329013825 -0.050363697963101528 -0.050361938829775216
leaf_weight=21 25 20 26 22 33 36 25 21 29 24 35 29 26 20 28 27
leaf_count=21 25 20 26 22 33 36 25 21 29 24 35 29 26 20 28 27
internal_value=0.000543145 0.202954 -0.035145 0.151855 0.0237558 -0.0508519 -0.0483366 0.00362076 -0.0504006 -0.0505326 -0.0503304 -0.0503574 -0.0503624 -0.0503609 -0.0503631 -0.0503629
internal_weight=447 67 380 47 80 300 279 47 254 225 201 166 137 46 91 63
internal_count=447 67 380 47 80 300 279 47 254 225 201 166 137 46 91 63
is_linear=0
shrinkage=0.05


Tree=12
num_leaves=17
num_cat=0
split_feature=3 3 3 3 3 14 3 3 14 0 13 5 5 5 5 14
split_gain=1165.89 151.788 123.214 23.6633 17.2116 8.84127 2.92916 1.62669 0.0123901 0.0278115 0.000252223 6.92627e-06 5.49272e-08 7.31428e-08 4.69991e-09 1.5605e-08
threshold=4.4850000000000003 10.100000000000001 1.1500000000000001 7.5450000000000008 2.6000000000000005 0.054198442151625149 0.25000000000000006 1.7500000000000002 0.38362831858407087 1.0000000180025095e-35 1.902519201228879 6.9900000000000011 4.955000000000001 5.9500000000000002 3.9950000000000006 0.33017355215996985
decision_type=2 2 2 2 2 2 2 2 2 2 2 2 2 2 2 2
left_child=2 3 5 -2 7 -1 8 -4 9 10 11 12 14 -14 15 -7
right_child=1 -3 4 -5 -6 6 -8 -9 -10 -11 -12 -13 13 -15 -16 -17
leaf_value=-0.080055480485870731 0.11326407130275454 0.30688292145729068 -0.0084975905716419223 0.18447301387786866 0.046813785093171259 -0.047843698444573778 -0.028450182151226772 0.0099114648570927492 -0.046907855621699635 -0.049614665408929191 -0.047691867777279448 -0.047817366287626069 -0.0478411071575605 -0.047845129072666172 -0.047845514757292616 -0.047845332920551299
leaf_weight=21 28 20 24 20 35 23 21 24 29 24 35 29 26 20 28 40
leaf_count=21 28 20 24 20 35 23 21 24 29 24 35 29 26 20 28 40
internal_value=0.000515987 0.191155 -0.0336883 0.142934 0.0201496 -0.0487847 -0.0463968 0.000706937 -0.0478806 -0.0480059 -0.0478138 -0.0478396 -0.0478443 -0.0478429 -0.047845 -0.0478447
internal_weight=447 68 379 48 83 296 275 48 254 225 201 166 137 46 91 63
internal_count=447 68 379 48 83 296 275 48 254 225 201 166 137 46 91 63
is_linear=0
shrinkage=0.05


Tree=13
num_leaves=16
num_cat=0
split_feature=3 3 3 3 3 9 3 3 14 4 13 5 5 14 5
split_gain=1052.91 127.441 121.382 18.0472 15.1187 8.29071 5.78055 2.32101 0.120065 0.0226294 0.000239505 8.3902e-06 2.80254e-06 5.96108e-08 2.39221e-09
threshold=5.1450000000000005 10.100000000000001 1.4500000000000002 7.5450000000000008 3.1000000000000005 -0.068843984962405999 0.55000000000000016 2.0500000000000003 0.38362831858407087 -0.20499999999999999 1.902519201228879 6.9900000000000011 2.9900000000000007 0.33017355215996985 4.955000000000001
decision_type=2 2 2 2 2 2 2 2 2 2 2 2 2 2 2
left_child=2 3 5 -2 7 -1 8 -4 9 -7 11 12 -11 -14 -15
right_child=1 -3 4 -5 -6 6 -8 -9 -10 10 -12 -13 13 14 -16
leaf_value=-0.074892342632467107 0.11152634191513063 0.29153877973556519 -0.0028368074502795933 0.17524936199188235 0.053433950605063611 -0.047188703417778019 -0.019001405200232632 0.019171945297199747 -0.042472749286227761 -0.04546743127015921 -0.045307273694447113 -0.045426498302097981 -0.045449689562831609 -0.045452150339033548 -0.045452727191150191
leaf_weight=22 25 20 25 20 29 20 23 23 36 39 35 29 28 41 32
leaf_count=22 25 20 25 20 29 20 23 23 36 39 35 29 28 41 32
internal_value=0.000490188 0.186522 -0.0311644 0.139848 0.0249301 -0.045326 -0.0430275 0.00770905 -0.0451529 -0.0455837 -0.0454263 -0.045451 -0.045456 -0.0454517 -0.0454524
internal_weight=447 65 382 45 77 305 283 48 260 224 204 169 140 101 73
internal_count=447 65 382 45 77 305 283 48 260 224 204 169 140 101 73
is_linear=0
shrinkage=0.05


Tree=14
num_leaves=17
num_cat=0
split_feature=3 3 3 3 3 9 3 3 13 13 4 5 5 18 13 5
split_gain=950.251 115.016 109.608 16.3587 15.2394 7.20206 3.54922 2.55396 0.00367778 0.00171071 0.00529263 0.000859855 5.14554e-06 5.38045e-08 2.24537e-09 8.81784e-12
threshold=5.1450000000000005 10.100000000000001 1.2500000000000002 7.0500000000000007 3.1000000000000005 -0.068843984962405999 0.25000000000000006 2.0500000000000003 1.2185907750067047 1.902519201228879 -0.54499999999999993 2.9900000000000007 6.9900000000000011 2.5000000000000004 1.6928867868596225 4.955000000000001
decision_type=2 2 2 2 2 2 2 2 2 2 2 2 2 2 2 2
left_child=2 3 5 -2 7 -1 8 -4 -7 10 -10 -12 13 -13 -15 -16
right_child=1 -3 4 -5 -6 6 -8 -9 9 -11 11 12 -14 14 15 -17
leaf_value=-0.071147726476192483 0.10337135532627935 0.27696184396743773 -0.0039323861400286358 0.16367942853407427 0.050762253485876943 -0.043808107790739646 -0.023457014352083208 0.018213348641343739 -0.043934673341837802 -0.042833543951446951 -0.042911124520185522 -0.043177205004862385 -0.043155173905964558 -0.043179431557655336 -0.043180021643638614 -0.043179977089166648
leaf_weight=22 23 20 30 22 29 23 25 23 22 37 41 28 29 28 25 20
leaf_count=22 23 20 30 22 29 23 25 23 22 37 41 28 29 28 25 20
internal_value=0.000465679 0.177196 -0.0296062 0.132855 0.0216224 -0.0436087 -0.0414293 0.00567803 -0.0432053 -0.043145 -0.0432047 -0.0431108 -0.0431737 -0.0431791 -0.0431798 -0.04318
internal_weight=447 65 382 45 82 300 278 53 253 230 193 171 130 101 73 45
internal_count=447 65 382 45 82 300 278 53 253 230 193 171 130 101 73 45
is_linear=0
shrinkage=0.05


Tree=15
num_leaves=13
num_cat=0
split_feature=3 3 3 3 3 3 9 13 14 2 13 13
split_gain=755.021 111.547 58.8004 13.5417 6.75939 2.44979 1.27109 0.00321777 0.00235332 0.000721612 0.000199462 1.14342e-06
threshold=3.9250000000000003 8.6000000000000014 1.1500000000000001 5.5250000000000012 2.2300000000000004 -0.19999999999999998 0.037321700595485396 1.2185907750067047 0.34435483870967748 5.5000000000000009 1.902519201228879 1.6928867868596225
decision_type=2 2 2 2 2 2 2 2 2 2 2 2
left_child=2 3 5 -2 -4 -1 7 -7 9 -9 11 -11
right_child=1 -3 4 -5 -6 6 -8 8 -10 10 -12 -13
leaf_value=-0.057306510480967437 0.067453512549400338 0.22334096294182998 -0.0020317205423979385 0.11779771762735702 0.030687790612379712 -0.041617699680121051 -0.028964440152049065 -0.041331665093700093 -0.040655080719691955 -0.04105796841559587 -0.040910062881616444 -0.041067920384868506
leaf_weight=22 22 26 38 34 27 23 24 24 41 54 26 62
leaf_count=22 22 26 38 34 27 23 24 24 41 54 26 62
internal_value=0.00153289 0.137756 -0.0312245 0.0980196 0.0115595 -0.0413004 -0.0399141 -0.0410566 -0.0409943 -0.0410781 -0.0410352 -0.0410633
internal_weight=423 82 341 56 65 276 254 230 207 166 142 116
internal_count=423 82 341 56 65 276 254 230 207 166 142 116
is_linear=0
shrinkage=0.05


Tree=16
num_leaves=16
num_cat=0
split_feature=3 3 3 3 3 3 9 13 14 5 2 13 5 13 13
split_gain=681.813 106.055 47.2266 14.0995 4.83014 2.21093 1.14716 0.00290405 0.00212387 0.00308967 0.000651256 0.000180015 1.76573e-05 3.35972e-05 8.98711e-06
threshold=3.7550000000000003 8.6000000000000014 1.1500000000000001 5.7500000000000009 2.1500000000000008 -0.19999999999999998 0.037321700595485396 1.2185907750067047 0.34435483870967748 4.955000000000001 5.5000000000000009 1.902519201228879 4.7950000000000008 1.6928867868596225 1.6928867868596225
decision_type=2 2 2 2 2 2 2 2 2 2 2 2 2 2 2
left_child=2 3 5 -2 -4 -1 7 -7 10 -10 -9 12 14 -14 -12
right_child=1 -3 4 -5 -6 6 -8 8 9 -11 11 -13 13 -15 -16
leaf_value=-0.054441184482791206 0.065246834605932238 0.21217391353387099 -0.0032013655081391335 0.11419514148466048 0.024945498809770303 -0.039536815104277243 -0.027516217529773714 -0.039265082031488423 -0.039067089408636096 -0.038198742980048772 -0.0390144660617366 -0.038864559622911306 -0.038990303874015808 -0.039078720726750116 -0.038979216441512116
leaf_weight=22 28 26 35 31 27 23 24 24 20 21 33 26 21 22 40
leaf_count=22 28 26 35 31 27 23 24 24 20 21 33 26 21 22 40
internal_value=0.00145624 0.128041 -0.0303772 0.0909654 0.00905614 -0.0392354 -0.0379184 -0.0390038 -0.0389446 -0.0386223 -0.0390242 -0.0389835 -0.0390101 -0.0390355 -0.0389952
internal_weight=423 85 338 59 62 276 254 230 207 41 166 142 116 43 73
internal_count=423 85 338 59 62 276 254 230 207 41 166 142 116 43 73
is_linear=0
shrinkage=0.05


Tree=17
num_leaves=16
num_cat=0
split_feature=3 3 3 3 3 3 3 3 4 13 13 13 5 5 5
split_gain=615.354 85.668 53.1696 9.38787 6.76668 1.99537 1.04295 0.820707 0.00653679 0.00250109 0.000139914 1.40906e-05 1.5195e-05 4.45269e-06 4.65179e-07
threshold=4.0500000000000007 8.6000000000000014 1.1500000000000001 5.7500000000000009 2.6000000000000005 -0.19999999999999998 0.25000000000000006 1.7500000000000002 -0.20499999999999999 1.2185907750067047 1.902519201228879 1.5066423433214307 2.9900000000000007 6.9900000000000011 4.955000000000001
decision_type=2 2 2 2 2 2 2 2 2 2 2 2 2 2 2
left_child=2 3 5 -2 7 -1 8 -4 -7 -10 11 -11 -13 14 -14
right_child=1 -3 4 -5 -6 6 -8 -9 9 10 -12 12 13 -15 -16
leaf_value=-0.051719124750657521 0.065778361667286275 0.20156521934729357 -0.0070106869297368191 0.10848538279533387 0.032771584093570713 -0.036142862268856595 -0.025350295007228851 0.0068083329718898649 -0.037559976396353355 -0.037053266002072226 -0.036904604200805935 -0.037048121133158286 -0.03701711784709584 -0.03698863400065381 -0.037008781013665379
leaf_weight=22 22 26 21 31 25 21 21 22 23 36 28 31 44 23 27
leaf_count=22 22 26 21 31 25 21 21 22 23 36 28 31 44 23 27
internal_value=0.00138343 0.127226 -0.0275165 0.0907579 0.012086 -0.0372736 -0.0360225 5.95093e-05 -0.0369843 -0.0370677 -0.0370078 -0.0370257 -0.0370178 -0.0370078 -0.0370139
internal_weight=423 79 344 53 68 276 254 43 233 212 189 161 125 94 71
internal_count=423 79 344 53 68 276 254 43 233 212 189 161 125 94 71
is_linear=0
shrinkage=0.05


Tree=18
num_leaves=13
num_cat=0
split_feature=3 3 3 3 3 9 3 0 13 13 13 13
split_gain=555.866 86.4449 38.3357 10.879 3.93694 1.80302 0.960783 0.0137921 0.002282 0.000118166 1.6543e-05 9.36061e-07
threshold=3.7550000000000003 8.0350000000000019 1.1500000000000001 5.5250000000000012 2.1500000000000008 -0.034012348196714615 1.0000000180025095e-35 1.0000000180025095e-35 1.2185907750067047 1.902519201228879 1.5066423433214307 1.6928867868596225
decision_type=2 2 2 2 2 2 2 2 2 2 2 2
left_child=2 3 5 -2 -4 -1 7 8 -7 10 -10 -12
right_child=1 -3 4 -5 -6 6 -8 -9 9 -11 11 -13
leaf_value=-0.049868369400501253 0.056328599929809577 0.18951404801121466 -0.0029671431758574078 0.10005573702581001 0.022444286183626566 -0.035681977090628252 -0.02535969913005829 -0.036586544662714007 -0.035200602230098514 -0.03505937254854611 -0.03515742934983352 -0.035166199319064617
leaf_weight=20 25 27 35 33 27 23 27 20 36 28 58 64
leaf_count=20 25 27 35 33 27 23 27 20 36 28 58 64
internal_value=0.00131426 0.115611 -0.027429 0.0812078 0.00809912 -0.03541 -0.0342804 -0.0353322 -0.0352121 -0.035154 -0.0351708 -0.035162
internal_weight=423 85 338 58 62 276 256 229 209 186 158 122
internal_count=423 85 338 58 62 276 256 229 209 186 158 122
is_linear=0
shrinkage=0.05


Tree=19
num_leaves=16
num_cat=0
split_feature=3 14 3 3 3 3 3 3 14 2 13 5 5 14 5
split_gain=501.669 79.264 34.598 14.5461 4.20974 3.55308 1.63113 0.860422 0.00458376 0.000645192 0.00013801 2.37486e-05 7.34574e-05 6.2017e-06 1.03751e-06
threshold=3.7550000000000003 0.96048454469507105 1.1500000000000001 6.7500000000000009 5.2500000000000009 2.1500000000000008 -0.19999999999999998 0.25000000000000006 0.38362831858407087 5.5000000000000009 1.902519201228879 6.9900000000000011 4.7950000000000008 0.33017355215996985 2.9900000000000007
decision_type=2 2 2 2 2 2 2 2 2 2 2 2 2 2 2
left_child=2 3 6 4 -2 -4 -1 8 9 -8 11 12 13 -11 -15
right_child=1 -3 5 -5 -6 -7 7 -9 -10 10 -12 -13 -14 14 -16
leaf_value=-0.046700121801007882 0.049159753769636161 0.1941209906623477 -0.0028187860921025276 0.11752868354320528 0.080219890922307968 0.021322071331518672 -0.03367554891494013 -0.022814795871575675 -0.032793682505344528 -0.033448346275271788 -0.033321661330186401 -0.033399967136590374 -0.033516653350421359 -0.03343015149235725 -0.033415948020087349
leaf_weight=22 20 21 35 20 24 27 31 21 29 33 26 23 35 20 36
leaf_count=22 20 21 35 20 24 27 31 21 29 33 26 23 35 20 36
internal_value=0.00124855 0.10983 -0.0260575 0.0821726 0.0661016 0.00769417 -0.0336395 -0.0325082 -0.0333819 -0.0334655 -0.0334278 -0.0334466 -0.0334553 -0.0334312 -0.033421
internal_weight=423 85 338 64 44 62 276 254 233 204 173 147 124 89 56
internal_count=423 85 338 64 44 62 276 254 233 204 173 147 124 89 56
is_linear=0
shrinkage=0.05


Tree=20
num_leaves=16
num_cat=0
split_feature=3 3 3 3 3 9 3 5 13 13 2 5 5 13 5
split_gain=411.327 65.4643 44.1064 6.59903 4.98862 3.16765 0.869659 0.0069011 0.00244183 0.0017203 0.000907013 7.12824e-05 2.71704e-05 4.8721e-06 2.72009e-06
threshold=4.0500000000000007 8.6000000000000014 0.95000000000000007 6.1500000000000012 2.2300000000000004 -0.068843984962405999 0.25000000000000006 7.3750000000000009 1.902519201228879 1.2185907750067047 5.5000000000000009 4.0050000000000008 5.9500000000000002 1.6928867868596225 2.9900000000000007
decision_type=2 2 2 2 2 2 2 2 2 2 2 2 2 2 2
left_child=2 3 5 -2 -4 -1 7 8 9 -7 -11 13 -13 14 -12
right_child=1 -3 4 -5 -6 6 -8 -9 -10 10 11 12 -14 -15 -16
leaf_value=-0.051556431204080579 0.057655912513534226 0.1805015967650847 -0.0014699714353833444 0.095135032612344503 0.024532210869448526 -0.032262647151947023 -0.020906899869441987 -0.030978474628042291 -0.03143299064215492 -0.032116917520761491 -0.031783179667862975 -0.031867586021070128 -0.031791754989396959 -0.031746934070473624 -0.031760191340600291
leaf_weight=20 24 22 39 23 35 27 20 27 34 24 22 27 21 42 31
leaf_count=20 24 22 39 23 35 27 20 27 34 24 22 27 21 42 31
internal_value=-0.00273366 0.109317 -0.0236862 0.0759968 0.0108284 -0.0323441 -0.0309469 -0.0317343 -0.0318239 -0.0318924 -0.0318325 -0.0317847 -0.0318344 -0.0317597 -0.0317697
internal_weight=438 69 369 47 74 295 275 255 228 194 167 143 48 95 53
internal_count=438 69 369 47 74 295 275 255 228 194 167 143 48 95 53
is_linear=0
shrinkage=0.05


Tree=21
num_leaves=12
num_cat=0
split_feature=3 3 3 3 3 9 4 17 13 13 17
split_gain=371.57 69.5621 29.3187 6.73209 2.97933 2.78243 0.218791 0.00772342 0.000360221 0.00015824 4.72584e-05
threshold=3.5500000000000003 7.9250000000000016 0.8500000000000002 5.2500000000000009 1.9350000000000003 -0.068843984962405999 -0.92499999999999993 -0.13832722957258109 1.5066423433214307 1.902519201228879 -0.21760247114798026
decision_type=2 2 2 2 2 2 2 2 2 2 2
left_child=2 3 5 -2 -4 -1 -7 8 -8 10 -10
right_child=1 -3 4 -5 -6 6 7 -9 9 -11 -12
leaf_value=-0.048978611677885059 0.044321584949890774 0.16509030795097351 -0.0062333042012347331 0.080121190794583019 0.014653959321348289 -0.024988067538841911 -0.030317356534626173 -0.029360891319811344 -0.030157649682627786 -0.03006818012611286 -0.03021746385292929
leaf_weight=20 24 25 31 29 38 23 46 32 72 37 61
leaf_count=20 24 25 31 29 38 23 46 32 72 37 61
internal_value=-0.00259698 0.0963396 -0.0240332 0.06391 0.00526983 -0.0309814 -0.0296532 -0.0300858 -0.0301932 -0.0301596 -0.0301851
internal_weight=438 78 360 53 69 291 271 248 216 170 133
internal_count=438 78 360 53 69 291 271 248 216 170 133
is_linear=0
shrinkage=0.05


Tree=22
num_leaves=16
num_cat=0
split_feature=6 6 6 6 6 9 6 5 13 8 2 13 13 5 5
split_gain=335.343 58.0069 31.5602 6.52369 3.21672 2.57886 0.728803 0.00583401 0.00241926 0.00169052 6.13045e-05 3.67014e-05 5.43871e-06 9.47274e-07 2.50111e-07
threshold=3.7550000000000003 8.6000000000000014 0.95000000000000007 6.1500000000000012 2.2300000000000004 -0.068843984962405999 0.25000000000000006 7.3750000000000009 1.2185907750067047 1.0000000180025095e-35 5.5000000000000009 1.902519201228879 1.5066423433214307 2.9900000000000007 4.955000000000001
decision_type=2 2 2 2 2 2 2 2 2 2 2 2 2 2 2
left_child=2 3 5 -2 -4 -1 7 8 -7 10 -10 12 -12 -14 -15
right_child=1 -3 4 -5 -6 6 -8 -9 9 -11 11 -13 13 14 -16
leaf_value=-0.046529679931700235 0.049879675784281326 0.16322199891914022 -0.0014061501058630454 0.085818072764769854 0.02017191370889064 -0.029181468486785891 -0.018742897585034373 -0.027959808596858274 -0.028548867645717804 -0.029113610535860063 -0.028667116910219195 -0.028586581349372864 -0.028652116869177138 -0.028643775954842566 -0.028637677328339939
leaf_weight=20 28 22 39 23 31 27 20 27 21 20 36 27 28 40 29
leaf_count=20 28 22 39 23 31 27 20 27 21 20 36 27 28 40 29
internal_value=-0.00246713 0.0953607 -0.0220327 0.0660872 0.00814985 -0.0291946 -0.0279339 -0.0286548 -0.0287371 -0.0286774 -0.0286292 -0.0286397 -0.0286505 -0.0286444 -0.0286412
internal_weight=438 73 365 51 70 295 275 255 228 201 181 160 133 97 69
internal_count=438 73 365 51 70 295 275 255 228 201 181 160 133 97 69
is_linear=0
shrinkage=0.05


Tree=23
num_leaves=14
num_cat=0
split_feature=3 14 3 3 3 9 0 13 13 13 2 13 13
split_gain=302.979 57.0563 23.8351 8.31119 2.46673 2.265 0.154295 0.0111733 0.00269345 7.28426e-05 2.09774e-05 5.28806e-06 8.12166e-08
threshold=3.5500000000000003 0.94965437788018436 0.8500000000000002 5.5250000000000012 2.0500000000000003 -0.068843984962405999 1.0000000180025095e-35 1.6928867868596225 1.2185907750067047 1.902519201228879 5.5000000000000009 1.5066423433214307 1.6928867868596225
decision_type=2 2 2 2 2 2 2 2 2 2 2 2 2
left_child=2 3 5 -2 -4 -1 8 -8 -7 10 -10 -12 -13
right_child=1 -3 4 -5 -6 6 7 -9 9 -11 11 12 -14
leaf_value=-0.044203196559101349 0.042956671427036158 0.1598194217681885 -0.0045974067971110344 0.080811186494498422 0.014312160150695811 -0.027723214136702673 -0.024735640138387679 -0.023064314872026443 -0.027167272709664847 -0.027135582847727671 -0.027236761152744295 -0.02721672823483294 -0.02721393769606948
leaf_weight=20 29 20 35 29 34 28 20 20 21 36 38 44 64
leaf_count=20 29 20 35 29 34 28 20 20 21 36 38 44 64
internal_value=-0.00234377 0.0869956 -0.0217006 0.0618839 0.00472035 -0.0279654 -0.026767 -0.0239 -0.0272635 -0.0272001 -0.027214 -0.0272207 -0.0272151
internal_weight=438 78 360 58 69 291 271 40 231 203 167 146 108
internal_count=438 78 360 58 69 291 271 40 231 203 167 146 108
is_linear=0
shrinkage=0.05


Tree=24
num_leaves=14
num_cat=0
split_feature=3 3 3 3 3 3 9 8 13 13 2 13 13
split_gain=273.747 41.6478 32.0387 3.6551 2.80514 2.50841 1.96914 0.0251099 0.00243081 6.57386e-05 1.89322e-05 4.77248e-06 7.33173e-08
threshold=4.2600000000000007 8.6000000000000014 1.5500000000000003 6.2500000000000009 0.55000000000000016 3.1000000000000005 -0.068843984962405999 1.0000000180025095e-35 1.2185907750067047 1.902519201228879 5.5000000000000009 1.5066423433214307 1.6928867868596225
decision_type=2 2 2 2 2 2 2 2 2 2 2 2 2
left_child=2 3 4 -2 6 -4 -1 8 -8 10 -10 -12 -13
right_child=1 -3 5 -5 -6 -7 7 -9 9 -11 11 12 -14
leaf_value=-0.041993036335334188 0.049762126673822821 0.14778818379748951 0.0063677588091339112 0.078613885527565375 -0.010278283704870515 0.027288560569286347 -0.02633705149803843 -0.024405847676098349 -0.025808908967744737 -0.025778804802232321 -0.025874923169612887 -0.02585589208386161 -0.025853240722790362
leaf_weight=20 23 22 38 21 28 23 28 32 21 36 38 44 64
leaf_count=20 23 22 38 21 28 23 28 32 21 36 38 44 64
internal_value=-0.00222658 0.0916176 -0.0188764 0.0635323 -0.025375 0.0142559 -0.0268686 -0.0257185 -0.0259003 -0.0258401 -0.0258533 -0.0258597 -0.0258543
internal_weight=438 66 372 44 311 61 283 263 231 203 167 146 108
internal_count=438 66 372 44 311 61 283 263 231 203 167 146 108
is_linear=0
shrinkage=0.05


Tree=25
num_leaves=15
num_cat=0
split_feature=3 3 3 3 3 3 3 13 13 5 5 13 5 13
split_gain=212.111 25.8953 20.4601 4.15029 2.32301 2.2696 0.421723 0.00156445 0.000293996 0.000191954 0.000431131 0.000165413 3.30584e-05 1.31761e-05
threshold=3.5500000000000003 7.0500000000000007 0.8500000000000002 -0.19999999999999998 5.2500000000000009 2.0500000000000003 1.0000000180025095e-35 1.2185907750067047 1.902519201228879 3.2050000000000005 4.955000000000001 1.6928867868596225 2.9900000000000007 1.5066423433214307
decision_type=2 2 2 2 2 2 2 2 2 2 2 2 2 2
left_child=2 4 3 -1 -2 -4 7 -5 9 12 -11 13 -9 -12
right_child=1 -3 5 6 -6 -7 -8 8 -10 10 11 -13 -14 -15
leaf_value=-0.047697644177824267 0.035942224040627482 0.10502249282417875 -0.0038784024663842641 -0.025020145674546565 0.059015083014965053 0.014088238737167559 -0.01745953126387163 -0.024622336328029633 -0.024500005779897468 -0.02483197044581175 -0.02460416683128902 -0.02472657130232879 -0.024551499954291754 -0.02455177397600242
leaf_weight=20 24 33 39 30 20 32 22 40 34 40 21 28 28 28
leaf_count=20 24 33 39 30 20 32 22 40 34 40 21 28 28 28
internal_value=-0.00381672 0.071541 -0.0198458 -0.0257174 0.0464299 0.00421924 -0.0240952 -0.0246815 -0.0246351 -0.02466 -0.0246988 -0.0246296 -0.0245932 -0.0245742
internal_weight=439 77 362 291 44 71 271 249 219 185 117 77 68 49
internal_count=439 77 362 291 44 71 271 249 219 185 117 77 68 49
is_linear=0
shrinkage=0.05


Tree=26
num_leaves=15
num_cat=0
split_feature=3 3 3 3 3 3 3 13 2 13 5 5 5 5
split_gain=191.43 23.3705 18.472 3.81221 2.09652 1.78598 0.583196 0.00141191 0.000564752 6.99855e-05 5.784e-05 6.15494e-05 2.99745e-05 5.65047e-06
threshold=3.5500000000000003 7.0500000000000007 0.95000000000000007 -0.19999999999999998 5.2500000000000009 2.0500000000000003 1.0000000180025095e-35 1.2185907750067047 5.5000000000000009 1.902519201228879 4.0050000000000008 5.9500000000000002 2.9900000000000007 3.9950000000000006
decision_type=2 2 2 2 2 2 2 2 2 2 2 2 2 2
left_child=2 4 3 -1 -2 -4 7 -5 -9 10 12 -12 -10 -14
right_child=1 -3 5 6 -6 -7 -8 8 9 -11 11 -13 13 -15
leaf_value=-0.045312760695815087 0.034145113080739975 0.099771367600469882 -0.0029593442273991451 -0.023769138058026634 0.05606433033943177 0.013383826860808768 -0.015577767989956415 -0.023594006218693474 -0.023391219899058343 -0.023296706218804634 -0.023487292297861794 -0.023383171744644646 -0.023351009521219466 -0.023319224293889673
leaf_weight=20 24 33 35 30 20 32 26 33 40 28 22 40 27 29
leaf_count=20 24 33 35 30 20 32 26 33 40 28 22 40 27 29
internal_value=-0.00362588 0.067964 -0.0188536 -0.0242362 0.0441084 0.00484635 -0.0227034 -0.0234474 -0.0234034 -0.0233696 -0.0233825 -0.0234201 -0.0233582 -0.0233345
internal_weight=439 77 362 295 44 67 275 249 219 186 158 62 96 56
internal_count=439 77 362 295 44 67 275 249 219 186 158 62 96 56
is_linear=0
shrinkage=0.05


Tree=27
num_leaves=15
num_cat=0
split_feature=3 3 3 3 3 3 3 17 2 17 5 5 5 5
split_gain=172.765 21.0919 16.6889 3.37914 1.89211 1.85982 0.3382 0.00127425 0.000509688 6.31606e-05 5.2201e-05 5.55488e-05 2.70516e-05 5.09931e-06
threshold=3.5500000000000003 7.0500000000000007 0.8500000000000002 -0.19999999999999998 5.2500000000000009 1.9350000000000003 1.0000000180025095e-35 -0.13832722957258109 5.5000000000000009 -0.22739010339089433 4.0050000000000008 5.9500000000000002 2.9900000000000007 3.9950000000000006
decision_type=2 2 2 2 2 2 2 2 2 2 2 2 2 2
left_child=2 4 3 -1 -2 -4 7 8 -5 -10 12 -12 -11 -14
right_child=1 -3 5 6 -6 -7 -8 -9 9 10 11 -13 13 -15
leaf_value=-0.043047123160213231 0.032437857302526636 0.094782798850175112 -0.0043836735747754575 -0.022414305941625079 0.053261113017797471 0.011802681012906963 -0.015807666087692435 -0.022580681045850121 -0.022131871857813429 -0.022221658639609815 -0.022312928126616914 -0.022214013226330282 -0.02218345883819792 -0.02215326356476751
leaf_weight=20 24 33 35 33 20 36 22 30 28 40 22 40 27 29
leaf_count=20 24 33 35 33 20 36 22 30 28 40 22 40 27 29
internal_value=-0.00344459 0.0645658 -0.0179109 -0.0232138 0.041903 0.00382349 -0.02175 -0.0222751 -0.0222332 -0.0222011 -0.0222134 -0.0222491 -0.0221903 -0.0221678
internal_weight=439 77 362 291 44 71 271 249 219 186 158 62 96 56
internal_count=439 77 362 291 44 71 271 249 219 186 158 62 96 56
is_linear=0
shrinkage=0.05


Tree=28
num_leaves=16
num_cat=0
split_feature=3 3 3 4 3 3 3 4 17 2 17 5 5 17 5
split_gain=155.921 19.0354 15.066 3.20647 1.70763 1.54468 0.329742 0.281111 0.000731148 9.02281e-05 2.263e-05 6.53793e-06 8.48794e-06 4.38028e-06 1.56038e-06
threshold=3.5500000000000003 7.0500000000000007 0.95000000000000007 -1.3949999999999998 5.2500000000000009 2.6000000000000005 1.7500000000000002 -0.20499999999999999 -0.13832722957258109 5.5000000000000009 -0.22739010339089433 2.9900000000000007 6.9900000000000011 -0.22694064964358676 4.955000000000001
decision_type=2 2 2 2 2 2 2 2 2 2 2 2 2 2 2
left_child=2 4 3 -1 -2 6 -4 -5 9 -9 -11 -12 13 -13 -15
right_child=1 -3 5 7 -6 -7 -8 8 -10 10 11 12 -14 14 -16
leaf_value=-0.040705984688940502 0.030815964813033742 0.090043658740592725 -0.0051059571621210678 -0.016442228598814262 0.05059805750846863 0.015246292440728707 0.0034562995657324794 -0.020956623664608709 -0.021302332512794005 -0.021012553131138839 -0.021080193707817482 -0.021066369918676525 -0.021082608215510848 -0.02104774139276365 -0.021031235022978351
leaf_weight=21 24 33 23 38 20 22 22 27 31 27 38 26 24 41 22
leaf_count=21 24 33 23 38 20 22 22 27 31 27 38 26 24 41 22
internal_value=-0.00327236 0.0613375 -0.0170153 -0.0218765 0.0398078 0.00438836 -0.000919965 -0.0204334 -0.021076 -0.0210418 -0.0210547 -0.0210623 -0.0210562 -0.0210491 -0.021042
internal_weight=439 77 362 295 44 67 45 274 236 205 178 151 113 89 63
internal_count=439 77 362 295 44 67 45 274 236 205 178 151 113 89 63
is_linear=0
shrinkage=0.05


Tree=29
num_leaves=13
num_cat=0
split_feature=3 3 3 3 3 3 3 3 13 13 13 13
split_gain=140.718 17.1795 13.6222 2.92416 1.54635 1.54113 0.36128 0.327871 0.0011029 0.000284732 0.000120145 1.77413e-06
threshold=3.5500000000000003 7.0500000000000007 0.8500000000000002 -0.19999999999999998 2.6000000000000005 5.2500000000000009 1.7500000000000002 1.0000000180025095e-35 1.5066423433214307 1.2185907750067047 1.902519201228879 1.6928867868596225
decision_type=2 2 2 2 2 2 2 2 2 2 2 2
left_child=2 5 3 -1 6 -2 -4 8 9 -5 11 -10
right_child=1 -3 4 7 -6 -7 -8 -9 10 -11 -12 -13
leaf_value=-0.039405402438715098 0.029275166429579259 0.085541476444764578 -0.005348229504845761 -0.020386529763539635 0.014483978294513443 0.048068154603242874 0.0032834845002401962 -0.013742966611276976 -0.02005360884181524 -0.020190941283897479 -0.019955048447146136 -0.020065131706076784
leaf_weight=20 24 33 27 30 22 20 22 22 59 49 34 77
leaf_count=20 24 33 27 30 22 20 22 22 59 49 34 77
internal_value=-0.00310874 0.0582706 -0.0161646 -0.0209555 0.00347158 0.0378174 -0.00147277 -0.0195939 -0.0201109 -0.0202652 -0.0200391 -0.0200601
internal_weight=439 77 362 291 71 44 49 271 249 79 170 136
internal_count=439 77 362 291 71 44 49 271 249 79 170 136
is_linear=0
shrinkage=0.05


Tree=30
num_leaves=15
num_cat=0
split_feature=3 14 3 3 13 3 3 3 4 4 2 13 13 13
split_gain=179.881 36.7575 21.0088 2.24163 1.73295 1.25302 0.938269 0.193637 0.182345 0.263724 8.08458e-05 1.57436e-05 2.22711e-06 1.24762e-08
threshold=4.9000000000000012 0.96048454469507105 1.5500000000000003 3.1000000000000005 1.2185907750067047 6.5500000000000007 0.55000000000000016 2.1500000000000008 -0.20499999999999999 -1.0149999999999999 5.5000000000000009 1.902519201228879 1.6928867868596225 1.5066423433214307
decision_type=2 2 2 2 2 2 2 2 2 2 2 2 2 2
left_child=2 5 4 7 -1 -2 8 -4 9 -6 -10 12 13 -12
right_child=1 -3 3 -5 6 -7 -8 -9 10 -11 11 -13 -14 -15
leaf_value=-0.029740212345495821 0.042439301609992985 0.12858169756152413 0.0013134892985579513 0.023302536056591914 -0.019279915847532129 0.059006448019118543 -0.0077753151078586991 0.0079542312285174506 -0.018903240837432722 -0.011708167988968933 -0.019007743693686824 -0.018963280767202381 -0.018995843217021132 -0.019008976998536486
leaf_weight=32 25 22 21 26 23 21 23 23 27 23 37 30 61 46
leaf_count=32 25 22 21 26 23 21 23 23 27 23 37 30 61 46
internal_value=0.000650761 0.0754252 -0.0130177 0.0116628 -0.0187383 0.0500026 -0.0174344 0.00478479 -0.0183338 -0.015494 -0.0189837 -0.0189962 -0.0190031 -0.0190084
internal_weight=440 68 372 70 302 46 270 44 247 46 201 174 144 83
internal_count=440 68 372 70 302 46 270 44 247 46 201 174 144 83
is_linear=0
shrinkage=0.05


Tree=31
num_leaves=15
num_cat=0
split_feature=3 3 3 3 4 3 0 3 9 17 2 17 17 17
split_gain=162.343 31.3165 18.9605 2.02307 1.71958 1.35702 0.711317 0.174757 0.137983 0.000221328 6.39996e-05 9.68417e-06 2.40817e-06 4.11883e-07
threshold=4.9000000000000012 9.6000000000000014 1.5500000000000003 3.1000000000000005 -1.4449999999999996 6.5500000000000007 1.0000000180025095e-35 2.1500000000000008 0.091537089812176078 -0.13832722957258109 5.5000000000000009 -0.22739010339089433 -0.22694064964358676 -0.21760247114798026
decision_type=2 2 2 2 2 2 2 2 2 2 2 2 2 2
left_child=2 5 4 7 -1 -2 9 -4 -8 10 -6 -12 -13 -14
right_child=1 -3 3 -5 6 -7 8 -9 -10 -11 11 12 13 -15
leaf_value=-0.031602772343016804 0.040317336678504949 0.12071869278495961 0.0012478148099035026 0.022137409162062867 -0.01795807839543731 0.057558328480947586 -0.013563707867371187 0.0075565198841302294 -0.008357585761696101 -0.017879430949687958 -0.018015116900205613 -0.018057356573439935 -0.018039809291561446 -0.018046178296208384
leaf_weight=21 25 22 21 26 27 21 35 23 20 28 30 37 60 44
leaf_count=21 25 22 21 26 27 21 35 23 20 28 30 37 60 44
internal_value=0.000618223 0.071654 -0.0123668 0.0110797 -0.0178014 0.0481882 -0.01677 0.00454555 -0.0116706 -0.018011 -0.0180296 -0.0180409 -0.0180464 -0.0180425
internal_weight=440 68 372 70 302 46 281 44 55 226 198 171 141 104
internal_count=440 68 372 70 302 46 281 44 55 226 198 171 141 104
is_linear=0
shrinkage=0.05


Tree=32
num_leaves=17
num_cat=0
split_feature=6 14 6 6 4 6 0 6 9 13 2 13 5 13 5 5
split_gain=146.514 30.5695 17.1118 1.82582 1.55192 0.950011 0.641964 0.157718 0.124529 0.000199747 5.77591e-05 8.73975e-06 6.40566e-06 1.15729e-06 2.22883e-06 2.64837e-07
threshold=4.9000000000000012 0.96048454469507105 1.5500000000000003 3.1000000000000005 -1.4449999999999996 6.5500000000000007 1.0000000180025095e-35 2.1500000000000008 0.091537089812176078 1.2185907750067047 5.5000000000000009 1.902519201228879 6.9900000000000011 1.5066423433214307 4.955000000000001 3.9950000000000006
decision_type=2 2 2 2 2 2 2 2 2 2 2 2 2 2 2 2
left_child=2 5 4 7 -1 -2 9 -4 -8 -6 -11 12 13 -12 15 -15
right_child=1 -3 3 -5 6 -7 8 -9 -10 10 11 -13 -14 14 -16 -17
leaf_value=-0.03002263316108535 0.038301469683647157 0.11654731936075471 0.0011854240515579782 0.021030538787062354 -0.01698545962572098 0.052727063496907561 -0.012885522552366769 0.0071786938640086553 -0.0079397065006196511 -0.017060174544652303 -0.017147765448316931 -0.017114361077547074 -0.017169556518395742 -0.01714441180229187 -0.017124373924273711 -0.017137702802817026
leaf_weight=21 25 22 21 26 28 21 35 23 20 27 32 30 21 38 26 24
leaf_count=21 25 22 21 26 28 21 35 23 20 27 32 30 21 38 26 24
internal_value=0.000587312 0.0680713 -0.0117485 0.0105257 -0.0169113 0.0448871 -0.0159315 0.00431827 -0.011087 -0.0171105 -0.0171281 -0.0171389 -0.0171441 -0.0171396 -0.0171367 -0.0171418
internal_weight=440 68 372 70 302 46 281 44 55 226 198 171 141 120 88 62
internal_count=440 68 372 70 302 46 281 44 55 226 198 171 141 120 88 62
is_linear=0
shrinkage=0.05


Tree=33
num_leaves=15
num_cat=0
split_feature=3 14 3 3 13 3 3 4 4 3 2 13 14 13
split_gain=132.229 27.589 15.4434 1.64781 1.52831 0.857385 0.78959 0.164247 0.177356 0.142341 7.20579e-05 1.91222e-05 6.4618e-06 6.76433e-08
threshold=4.9000000000000012 0.96048454469507105 1.5500000000000003 3.1000000000000005 1.2185907750067047 6.5500000000000007 0.55000000000000016 -0.20499999999999999 -1.0149999999999999 2.1500000000000008 5.5000000000000009 1.902519201228879 0.33017355215996985 1.6928867868596225
decision_type=2 2 2 2 2 2 2 2 2 2 2 2 2 2
left_child=2 5 4 9 -1 -2 7 8 -6 -4 -9 12 -12 -14
right_child=1 -3 3 -5 6 -7 -8 10 -10 -11 11 -13 13 -15
leaf_value=-0.026397665869444611 0.036386395931243896 0.11071995097127828 0.0011261529422232084 0.019979011869201296 -0.016075819147669753 0.050090710605893818 -0.0059804485381945325 -0.016207166071291326 -0.0098665061406791217 0.0068197591635196109 -0.01631798277730527 -0.016258642673492432 -0.01629695324478923 -0.016294243492063928
leaf_weight=32 25 22 21 26 23 21 23 27 23 23 46 30 37 61
leaf_count=32 25 22 21 26 23 21 23 27 23 23 46 30 37 61
internal_value=0.000557947 0.0646677 -0.011161 0.0099994 -0.0160658 0.0426427 -0.0148413 -0.0156664 -0.0129712 0.00410236 -0.0162832 -0.016295 -0.0163025 -0.0162953
internal_weight=440 68 372 70 302 46 270 247 46 44 201 174 144 98
internal_count=440 68 372 70 302 46 270 247 46 44 201 174 144 98
is_linear=0
shrinkage=0.05


Tree=34
num_leaves=17
num_cat=0
split_feature=6 6 6 4 6 6 4 6 13 5 5 2 13 5 13 5
split_gain=119.342 28.4323 9.43432 1.86546 1.77891 0.882335 0.328378 0.242374 0.00407059 0.000125398 3.8605e-05 4.35564e-05 5.24905e-06 5.95113e-06 1.66513e-06 1.36559e-06
threshold=4.0500000000000007 9.6000000000000014 0.95000000000000007 -1.3949999999999998 5.7500000000000009 2.8500000000000001 -0.20499999999999999 1.9350000000000003 1.2185907750067047 1.2050000000000003 2.9900000000000007 5.5000000000000009 1.902519201228879 6.9900000000000011 1.5066423433214307 4.955000000000001
decision_type=2 2 2 2 2 2 2 2 2 2 2 2 2 2 2 2
left_child=2 4 3 -1 -2 7 -5 -4 -8 -10 -11 -12 13 14 -13 -16
right_child=1 -3 5 6 -6 -7 8 -9 9 10 11 12 -14 -15 15 -17
leaf_value=-0.030489718290045861 0.02698874982694785 0.10416791110553525 -0.0023719525860192684 -0.01041950540473828 0.044768101152251751 0.013185641630774453 -0.014816303551197053 0.0045960123262678591 -0.015575251479943595 -0.015389795773304427 -0.01539659517315718 -0.015477064728736879 -0.015443987548351287 -0.015495769679546356 -0.015467984692470446 -0.015453032232247865
leaf_weight=20 24 22 26 39 34 21 28 24 21 26 26 25 20 21 37 26
leaf_count=20 24 22 26 39 34 21 28 24 21 26 26 25 20 21 37 26
internal_value=0.000530049 0.0557692 -0.0117453 -0.0157573 0.0374111 0.00458496 -0.0146619 0.000972671 -0.0153813 -0.0154596 -0.0154462 -0.0154556 -0.0154675 -0.0154719 -0.0154661 -0.0154618
internal_weight=440 80 360 289 58 71 269 50 230 202 181 155 129 109 88 63
internal_count=440 80 360 289 58 71 269 50 230 202 181 155 129 109 88 63
is_linear=0
shrinkage=0.05


Tree=35
num_leaves=18
num_cat=0
split_feature=3 14 3 3 3 3 4 3 4 13 5 13 5 13 5 5 13
split_gain=107.717 19.771 13.8481 1.39391 1.32885 0.905653 0.478757 0.213063 0.135151 0.00328451 4.2432e-05 1.59688e-05 7.34763e-06 2.12578e-06 5.20645e-06 4.36413e-07 1.00742e-06
threshold=5.1450000000000005 0.95514883346741775 1.5500000000000003 3.2500000000000004 7.0500000000000007 0.25000000000000006 -1.0449999999999997 2.2300000000000004 -0.20499999999999999 1.2185907750067047 1.2050000000000003 1.902519201228879 6.9900000000000011 1.5066423433214307 4.955000000000001 3.9950000000000006 1.6928867868596225
decision_type=2 2 2 2 2 2 2 2 2 2 2 2 2 2 2 2 2
left_child=2 4 5 7 -2 6 -1 -4 -8 -10 -11 12 13 -12 15 16 -15
right_child=1 -3 3 -5 -6 -7 8 -9 9 10 11 -13 -14 14 -16 -17 -18
leaf_value=-0.021818468128533469 0.034009450425704323 0.10189761054702103 0.001547513782978058 0.018926602657194494 0.051460205465555187 -0.0060280952631728731 -0.010445006688435872 0.0081430012437825397 -0.014076440657178561 -0.014761048200584593 -0.014697613525721763 -0.014651287293859892 -0.014714980844793649 -0.014686975221742282 -0.014666463290491412 -0.014686014831066133 -0.014702480286359787
leaf_weight=23 24 20 25 27 20 32 21 24 24 21 36 28 29 22 31 25 20
leaf_count=23 24 20 25 27 20 32 21 24 24 21 36 28 29 22 31 25 20
internal_value=0.000578711 0.0606779 -0.00933455 0.00980445 0.0419416 -0.0139966 -0.0149073 0.00477796 -0.0142888 -0.0146308 -0.0146936 -0.0146862 -0.0146922 -0.0146872 -0.0146834 -0.0146912 -0.0146944
internal_weight=452 64 388 76 44 312 280 49 257 236 212 191 163 134 98 67 42
internal_count=452 64 388 76 44 312 280 49 257 236 212 191 163 134 98 67 42
is_linear=0
shrinkage=0.05


Tree=36
num_leaves=18
num_cat=0
split_feature=3 3 3 3 3 3 4 3 4 13 5 13 5 13 5 5 13
split_gain=97.2144 17.1047 12.4979 1.25801 1.06487 0.817352 0.432078 0.19229 0.121974 0.00296427 3.82948e-05 1.44115e-05 6.63156e-06 1.91854e-06 4.69886e-06 3.93869e-07 9.09125e-07
threshold=5.1450000000000005 9.2300000000000022 1.5500000000000003 3.2500000000000004 6.7500000000000009 0.25000000000000006 -1.0449999999999997 2.2300000000000004 -0.20499999999999999 1.2185907750067047 1.2050000000000003 1.902519201228879 6.9900000000000011 1.5066423433214307 4.955000000000001 3.9950000000000006 1.6928867868596225
decision_type=2 2 2 2 2 2 2 2 2 2 2 2 2 2 2 2 2
left_child=2 4 5 7 -2 6 -1 -4 -8 -10 -11 12 13 -12 15 16 -15
right_child=1 -3 3 -5 -6 -7 8 -9 9 10 11 -13 -14 14 -16 -17 -18
leaf_value=-0.020727544885290706 0.031892521543936299 0.094632137757504287 0.0014701380431652068 0.017980271908971997 0.047633504867553716 -0.0057266904914285988 -0.0099227562979129821 0.0077358510966102287 -0.013372618580857913 -0.014022995744432724 -0.013962732793556322 -0.013918723272425788 -0.01397923231124878 -0.013952626626599919 -0.013933139895239184 -0.013951713919639589 -0.013967355862259865
leaf_weight=23 22 21 25 27 21 32 21 24 24 21 36 28 29 22 31 25 20
leaf_count=23 22 21 25 27 21 32 21 24 24 21 36 28 29 22 31 25 20
internal_value=0.000549775 0.057644 -0.00886782 0.00931423 0.03958 -0.0132968 -0.0141619 0.00453906 -0.0135744 -0.0138993 -0.0139589 -0.0139519 -0.0139576 -0.0139529 -0.0139492 -0.0139567 -0.0139596
internal_weight=452 64 388 76 43 312 280 49 257 236 212 191 163 134 98 67 42
internal_count=452 64 388 76 43 312 280 49 257 236 212 191 163 134 98 67 42
is_linear=0
shrinkage=0.05


Tree=37
num_leaves=18
num_cat=0
split_feature=3 14 3 3 3 3 4 3 4 13 2 5 13 5 13 5 5
split_gain=87.7592 17.32 10.3393 1.23081 0.934354 0.744111 0.411076 0.173542 0.101178 0.00267525 4.57066e-05 2.53057e-05 3.95015e-06 3.5765e-06 8.26232e-07 1.36162e-06 2.44571e-07
threshold=4.4850000000000003 0.95514883346741775 1.5500000000000003 7.0500000000000007 3.2500000000000004 0.55000000000000016 -1.2149999999999996 2.2300000000000004 -0.20499999999999999 1.2185907750067047 5.5000000000000009 1.2050000000000003 1.902519201228879 6.9900000000000011 1.5066423433214307 4.955000000000001 3.9950000000000006
decision_type=2 2 2 2 2 2 2 2 2 2 2 2 2 2 2 2 2
left_child=2 3 5 -2 7 6 -1 -4 -8 -10 -11 -12 13 14 -13 16 -16
right_child=1 -3 4 -5 -6 -7 8 -9 9 10 11 12 -14 -15 15 -17 -18
leaf_value=-0.020295720584690573 0.029787992051354163 0.092306116316467526 0.0013966311067342759 0.046153029948472979 0.016353689475605886 -0.0046986784441051662 -0.010074775714170316 0.0073490585200488567 -0.012703988514840604 -0.01320264195573741 -0.013321845801103682 -0.013270101816423477 -0.013244315787501957 -0.013284697416036027 -0.013266831980301784 -0.013250175831110581 -0.013260331102039502
leaf_weight=20 27 20 25 20 24 27 29 24 24 29 21 31 23 23 39 23 23
leaf_count=20 27 20 25 20 24 27 29 24 24 29 21 31 23 23 39 23 23
internal_value=0.000522287 0.0533352 -0.00866853 0.0367518 0.00827098 -0.0126319 -0.0133835 0.00431211 -0.0128618 -0.0132043 -0.013261 -0.0132702 -0.0132635 -0.0132667 -0.0132631 -0.0132606 -0.0132644
internal_weight=452 67 385 47 73 312 285 49 265 236 212 183 162 139 116 85 62
internal_count=452 67 385 47 73 312 285 49 265 236 212 183 162 139 116 85 62
is_linear=0
shrinkage=0.05


Tree=38
num_leaves=18
num_cat=0
split_feature=6 5 6 6 6 4 6 14 4 13 2 5 13 5 13 5 5
split_gain=79.2504 14.7266 10.7409 1.13862 0.672941 0.363863 0.342631 0.15943 0.116588 0.00241442 4.125e-05 2.28384e-05 3.56512e-06 3.2279e-06 7.45711e-07 1.22893e-06 2.20739e-07
threshold=5.2500000000000009 9.3300000000000018 1.5500000000000003 3.2500000000000004 0.25000000000000006 -1.0149999999999999 7.6500000000000012 0.77826941986234033 -0.20499999999999999 1.2185907750067047 5.5000000000000009 1.2050000000000003 1.902519201228879 6.9900000000000011 1.5066423433214307 4.955000000000001 3.9950000000000006
decision_type=2 2 2 2 2 2 2 2 2 2 2 2 2 2 2 2 2
left_child=2 6 4 7 5 -1 -2 -4 -7 -10 -11 -12 13 14 -13 16 -16
right_child=1 -3 3 -5 -6 8 -8 -9 9 10 11 12 -14 -15 15 -17 -18
leaf_value=-0.018672097806847889 0.031673888791175116 0.088318751379847529 0.0010641449455009856 0.016596464774218098 -0.0051314808326424106 -0.0085681067942641673 0.040705986675762001 0.0067789688849678419 -0.012068788583079975 -0.012542509878503867 -0.012655753464925857 -0.012606596802511522 -0.012582099632076597 -0.012620462801145472 -0.012603490398480341 -0.01258766664111096 -0.012597314365532087
leaf_weight=24 21 20 23 29 32 20 21 26 24 29 21 31 23 23 39 23 23
leaf_count=24 21 20 23 29 32 20 21 26 24 29 21 31 23 23 39 23 23
internal_value=0.000496172 0.0530057 -0.00785149 0.00874392 -0.0120003 -0.0127854 0.0361899 0.0040965 -0.0122335 -0.0125441 -0.0125979 -0.0126067 -0.0126003 -0.0126034 -0.0126 -0.0125975 -0.0126012
internal_weight=452 62 390 78 312 280 42 49 256 236 212 183 162 139 116 85 62
internal_count=452 62 390 78 312 280 42 49 256 236 212 183 162 139 116 85 62
is_linear=0
shrinkage=0.05


Tree=39
num_leaves=18
num_cat=0
split_feature=3 14 3 3 3 3 5 3 17 5 14 2 14 5 5 5 5
split_gain=71.5374 15.1353 8.40586 1.04825 0.75363 0.611749 0.272296 0.146119 0.0338774 0.0854196 0.0207189 0.00276891 0.000520211 0.000730035 0.000261009 0.000132374 1.06611e-05
threshold=4.4850000000000003 0.95514883346741775 1.5500000000000003 7.0500000000000007 3.2500000000000004 0.55000000000000016 8.7550000000000008 2.2300000000000004 -0.25784337439904464 3.9950000000000006 0.38362831858407087 5.5000000000000009 0.33017355215996985 3.2050000000000005 5.9500000000000002 2.9900000000000007 3.9950000000000006
decision_type=2 2 2 2 2 2 2 2 2 2 2 2 2 2 2 2 2
left_child=2 3 5 -2 7 6 8 -4 9 -1 11 -10 13 -13 15 -14 -17
right_child=1 -3 4 -5 -6 -7 -8 -9 10 -11 -12 12 14 -15 -16 16 -18
leaf_value=-0.0082457705967776164 0.026225116131482304 0.084584221467375764 0.0012164441160857679 0.041327821090817451 0.014706182107329369 -0.0042071705684065819 -0.017707484774291515 0.0066783747752197087 -0.01260611304530391 -0.01239233200472814 -0.010777141627940266 -0.011995328277349473 -0.012140180001204665 -0.012373744896971264 -0.011844648194053899 -0.01196988283292107 -0.012013462330732081
leaf_weight=23 27 20 25 20 24 27 20 24 27 27 33 25 22 26 23 23 36
leaf_count=23 27 20 25 20 24 27 20 24 27 27 33 25 22 26 23 23 36
internal_value=0.000471364 0.048154 -0.00782666 0.0326518 0.00744713 -0.0114003 -0.0120818 0.00389168 -0.0116572 -0.0104849 -0.0119298 -0.0121388 -0.0120574 -0.0121882 -0.0119933 -0.0120355 -0.0119965
internal_weight=452 67 385 47 73 312 285 49 265 50 215 182 155 51 104 81 59
internal_count=452 67 385 47 73 312 285 49 265 50 215 182 155 51 104 81 59
is_linear=0
shrinkage=0.05


Tree=40
num_leaves=15
num_cat=0
split_feature=3 3 3 13 3 3 3 9 3 2 18 2 14 13
split_gain=66.0858 11.8898 9.59902 1.61663 1.18444 0.896892 0.513801 0.219075 0.155374 0.00426486 0.000528391 0.00035823 0.00078438 1.08452e-05
threshold=5.2500000000000009 9.2300000000000022 1.5500000000000003 1.2185907750067047 3.5500000000000003 7.0500000000000007 1.0000000180025095e-35 -0.034012348196714615 2.2300000000000004 6.5000000000000009 1.5000000000000002 5.5000000000000009 0.33017355215996985 1.6928867868596225
decision_type=2 2 2 2 2 2 2 2 2 2 2 2 2 2
left_child=2 5 3 -1 8 -2 7 -5 -4 -8 -9 -12 -13 -14
right_child=1 -3 4 6 -6 -7 9 10 -10 -11 11 12 13 -15
leaf_value=-0.022487919751940103 0.02569069029255347 0.078735297918319708 0.0010558128142013001 -0.0060917035454795473 0.016560996057731765 0.040320487841963772 -0.0043215593881905084 -0.01156394826987433 0.0065764220282435422 -0.005354136063251645 -0.011209946036662746 -0.011663781796340589 -0.011382784922089842 -0.011348668327837279
leaf_weight=29 22 21 26 21 28 20 20 63 25 20 23 27 36 66
leaf_count=29 22 21 26 21 28 20 20 63 25 20 23 27 36 66
internal_value=0.000552471 0.0480166 -0.00723461 -0.0112579 0.00829835 0.0326573 -0.0100779 -0.0109661 0.00376199 -0.00483785 -0.0114422 -0.0113917 -0.0114241 -0.0113607
internal_weight=447 63 384 305 79 42 276 236 51 40 215 152 129 102
internal_count=447 63 384 305 79 42 276 236 51 40 215 152 129 102
is_linear=0
shrinkage=0.05


Tree=41
num_leaves=14
num_cat=0
split_feature=3 3 3 4 3 3 4 3 17 13 18 13 13
split_gain=59.6502 11.7947 7.61745 1.55953 1.03391 1.02472 0.294375 0.202475 0.0659539 0.00904596 1.18095e-05 7.42533e-07 3.44235e-07
threshold=4.9000000000000012 9.2300000000000022 1.2500000000000002 -1.4449999999999996 3.2500000000000004 7.0500000000000007 -0.20499999999999999 1.9350000000000003 -0.21760247114798026 1.2185907750067047 1.5000000000000002 1.6928867868596225 1.902519201228879
decision_type=2 2 2 2 2 2 2 2 2 2 2 2 2
left_child=2 5 3 -1 7 -2 8 -4 -5 -8 -11 -12 -13
right_child=1 -3 4 6 -6 -7 9 -9 -10 10 11 12 -14
leaf_value=-0.023496347716402102 0.023372212962971796 0.074798533178511123 -0.0010360984038270545 -0.004225595064816021 0.014357175205189449 0.038304463997483253 -0.0098020228915489654 0.0049293512252695636 -0.0080265206694602968 -0.010774414511076337 -0.010806586254726757 -0.01079679929158267 -0.010803229063749314
leaf_weight=23 27 21 25 21 26 20 26 33 25 58 44 68 30
leaf_count=23 27 21 25 21 26 20 26 33 25 58 44 68 30
internal_value=0.000524847 0.0436457 -0.00721188 -0.0109944 0.00607206 0.0297264 -0.00993727 0.00235804 -0.00629132 -0.0106794 -0.0107934 -0.0108012 -0.0107988
internal_weight=447 68 379 295 84 47 272 58 46 226 200 142 98
internal_count=447 68 379 295 84 47 272 58 46 226 200 142 98
is_linear=0
shrinkage=0.05


Tree=42
num_leaves=16
num_cat=0
split_feature=6 5 6 4 6 0 6 17 14 13 2 5 13 14 5
split_gain=53.898 17.0748 8.65812 1.69564 0.947759 0.507045 0.106699 0.0832602 0.0527254 0.00791228 8.63271e-05 5.52792e-05 3.64987e-05 5.15855e-06 4.30263e-07
threshold=5.5250000000000012 9.3300000000000018 1.7500000000000002 -1.4699999999999998 3.5500000000000003 1.0000000180025095e-35 0.8500000000000002 -0.21760247114798026 0.78721424774056359 1.2185907750067047 5.5000000000000009 6.9900000000000011 1.902519201228879 0.33017355215996985 4.955000000000001
decision_type=2 2 2 2 2 2 2 2 2 2 2 2 2 2 2
left_child=2 -2 3 -1 8 9 7 -7 -4 -5 -11 12 13 -12 -15
right_child=1 -3 4 5 -6 6 -8 -9 -10 10 11 -13 -14 14 -16
leaf_value=-0.023679442065657072 0.02576032467186451 0.082583562172949321 0.0022885694944610197 -0.0093119214933652158 0.015408947691321374 -0.0045092894695699217 -0.0023503892250697723 -0.0087191540261973514 0.0057538039212965452 -0.010157190208081847 -0.010239145079174557 -0.010183183724681537 -0.010326063881317776 -0.010259011438337424 -0.010266537911125593
leaf_weight=21 39 20 21 26 32 24 22 23 23 27 37 24 21 59 28
leaf_count=21 39 20 21 26 32 24 22 23 23 27 37 24 21 59 28
internal_value=0.000498605 0.0450224 -0.00627177 -0.00995811 0.00886163 -0.00896791 -0.00522423 -0.00656944 0.00409994 -0.0101315 -0.0102402 -0.0102535 -0.0102651 -0.0102548 -0.0102614
internal_weight=447 59 388 312 76 291 69 47 44 222 196 169 145 124 87
internal_count=447 59 388 312 76 291 69 47 44 222 196 169 145 124 87
is_linear=0
shrinkage=0.05


Tree=43
num_leaves=17
num_cat=0
split_feature=3 5 3 13 3 17 4 3 5 3 5 5 5 14 13 13
split_gain=48.6453 14.5476 7.06359 1.38691 1.05244 0.439153 0.287445 0.186515 0.080145 0.235657 0.00022543 6.5949e-05 3.40281e-05 1.84426e-05 9.00938e-06 1.36503e-06
threshold=5.2500000000000009 9.3300000000000018 1.2500000000000002 1.2185907750067047 3.5500000000000003 0.86228122576276145 -0.20499999999999999 1.9350000000000003 4.0050000000000008 1.0000000180025095e-35 1.2050000000000003 6.9900000000000011 3.9950000000000006 0.33017355215996985 1.6928867868596225 1.6928867868596225
decision_type=2 2 2 2 2 2 2 2 2 2 2 2 2 2 2 2
left_child=2 5 3 -1 7 -2 8 -4 -5 -10 -8 12 14 -14 -12 -15
right_child=1 -3 4 6 -6 -7 10 -9 9 -11 11 -13 13 15 -16 -17
leaf_value=-0.020315145752553283 0.029319189843677342 0.075174880595434285 -0.00086261160206049694 -0.0032964997459203008 0.014164149016141893 0.019093717887465445 -0.0098992979597477687 0.0047591329694518618 -0.011168180434033274 -0.0039490150592218229 -0.0097514800246684789 -0.0096556565591267175 -0.0096932322592348675 -0.0097486952585833422 -0.0097913905405081249 -0.0097326547942227781
leaf_weight=29 21 21 25 20 28 21 21 36 20 26 31 28 37 21 26 36
leaf_count=29 21 21 25 20 28 21 21 36 20 26 31 28 37 21 26 36
internal_value=0.000473675 0.0411959 -0.00620732 -0.0099321 0.00613887 0.0242065 -0.00880012 0.00245514 -0.00593891 -0.00708778 -0.00974432 -0.00972614 -0.0097392 -0.00972072 -0.00976968 -0.00973856
internal_weight=447 63 384 295 89 42 266 61 66 46 200 179 151 94 57 57
internal_count=447 63 384 295 89 42 266 61 66 46 200 179 151 94 57 57
is_linear=0
shrinkage=0.05


Tree=44
num_leaves=13
num_cat=0
split_feature=4 10 10 9 10 9 10 10 13 17 14 13
split_gain=44.3235 9.53844 5.83846 1.5143 0.909513 0.746295 0.101198 0.0646361 0.0178529 0.0172249 0.00215733 9.1037e-05
threshold=1.0700000000000003 1.9350000000000003 9.2300000000000022 -0.068843984962405999 3.5500000000000003 1.0000000180025095e-35 4.9000000000000012 0.95000000000000007 1.2185907750067047 -0.25784337439904464 0.33017355215996985 1.6928867868596225
decision_type=2 2 2 2 2 2 2 2 2 2 2 2
left_child=1 3 -2 -1 -3 8 -6 -7 -5 -10 -11 -12
right_child=2 4 -4 5 6 7 -8 -9 9 10 11 -13
leaf_value=-0.022083679663483055 0.030610442817211155 0.0045211762894824562 0.066372179162378114 -0.0078305680018204912 0.012864711297594984 -0.0044934335433376524 0.01760807138952342 -0.0010873570347515245 -0.0082173814971206929 -0.0096453244411028351 -0.0093428691171786992 -0.0092518182190721981
leaf_weight=20 25 36 21 26 23 26 22 30 36 65 44 73
leaf_count=20 25 36 21 26 23 26 22 30 36 65 44 73
internal_value=0.000449991 -0.00488262 0.0469365 -0.00876237 0.0104448 -0.00787429 0.0151837 -0.00266875 -0.009069 -0.0092167 -0.00941437 -0.00928606
internal_weight=447 401 46 320 81 300 45 56 244 218 182 117
internal_count=447 401 46 320 81 300 45 56 244 218 182 117
is_linear=0
shrinkage=0.05


Tree=45
num_leaves=17
num_cat=0
split_feature=3 3 3 4 4 3 3 17 4 5 13 5 17 5 5 13
split_gain=49.388 16.3701 1.83444 2.54062 1.62855 0.190705 0.0947964 0.0212196 0.0439655 0.0402093 0.0178175 0.000134343 9.60125e-05 2.36779e-05 2.12431e-06 7.85041e-08
threshold=9.2300000000000022 2.8500000000000001 0.75000000000000011 -1.2149999999999996 0.80000000000000016 3.9250000000000003 1.9350000000000003 -0.25784337439904464 -0.38999999999999996 3.0150000000000001 1.2185907750067047 2.5750000000000006 -0.21760247114798026 1.2050000000000003 3.9950000000000006 1.6928867868596225
decision_type=2 2 2 2 2 2 2 2 2 2 2 2 2 2 2 2
left_child=1 2 3 -1 5 -3 -4 9 -9 -5 -10 13 14 -12 -13 -16
right_child=-2 4 6 7 -6 -7 -8 8 10 -11 11 12 -14 -15 15 -17
leaf_value=-0.027076318826293574 0.07681139212101698 0.0072191224876968635 -0.0015526792780934451 -0.0092872410081326958 0.025197831541299821 0.013743537509193025 0.0027199780136080726 -0.011043281443417072 -0.0074389489817208269 -0.0062794038206338892 -0.0088913173547812887 -0.0087964175712494635 -0.0086932522123274597 -0.0088170915842056274 -0.0087802319339028122 -0.0087767246250922866
leaf_weight=20 20 21 34 20 34 24 21 20 29 25 21 21 46 22 27 39
leaf_count=20 20 21 34 20 34 24 21 20 29 25 21 21 46 22 27 39
internal_value=2.97545e-05 -0.00359202 -0.0082933 -0.0098811 0.0169389 0.0106988 7.8699e-05 -0.00860738 -0.00880561 -0.00761622 -0.0085873 -0.00877651 -0.00875168 -0.00885334 -0.00878257 -0.00877816
internal_weight=444 424 345 290 79 45 55 270 225 45 205 176 133 43 87 66
internal_count=444 424 345 290 79 45 55 270 225 45 205 176 133 43 87 66
is_linear=0
shrinkage=0.05


Tree=46
num_leaves=17
num_cat=0
split_feature=6 6 4 6 6 4 6 17 4 5 13 5 17 5 5 5
split_gain=44.7114 10.8016 1.67893 1.30976 0.407097 0.236143 0.106957 0.0193787 0.0368281 0.0362889 0.0160803 0.000121244 8.6652e-05 2.13694e-05 1.91727e-06 7.78028e-08
threshold=7.6500000000000012 1.9350000000000003 -1.3949999999999998 4.0500000000000007 0.75000000000000011 0.80000000000000016 2.9500000000000006 -0.25784337439904464 -0.38999999999999996 3.0150000000000001 1.2185907750067047 2.5750000000000006 -0.21760247114798026 1.2050000000000003 3.9950000000000006 5.9500000000000002
decision_type=2 2 2 2 2 2 2 2 2 2 2 2 2 2 2 2
left_child=1 2 -1 6 7 -5 -3 9 -9 -4 -10 13 14 -12 -13 -16
right_child=-2 3 4 5 -6 -7 -8 8 10 -11 11 12 -14 -15 15 -17
leaf_value=-0.021892183584383353 0.057942043677453071 0.0027276183362118902 -0.0088228788599371919 0.013410129717418126 -0.0019528627556202741 0.02074361109863157 0.0076040799581361092 -0.010267951663421549 -0.0070670011228528527 -0.0059654335826635364 -0.0084467516413756789 -0.0083565971326260337 -0.0082585894543191676 -0.0083762370049953461 -0.0083408186626103189 -0.0083373709768056869
leaf_weight=22 31 23 20 21 29 23 22 23 29 25 21 21 46 22 36 30
leaf_count=22 31 23 20 21 29 23 22 23 29 25 21 21 46 22 36 30
internal_value=2.82668e-05 -0.00431877 -0.00855677 0.0111094 -0.00758532 0.0172435 0.00511167 -0.00818364 -0.00837079 -0.00723541 -0.00815793 -0.00833769 -0.00831409 -0.00841067 -0.00834344 -0.00833925
internal_weight=444 413 324 89 302 44 45 273 228 45 205 176 133 43 87 66
internal_count=444 413 324 89 302 44 45 273 228 45 205 176 133 43 87 66
is_linear=0
shrinkage=0.05


Tree=47
num_leaves=17
num_cat=0
split_feature=3 3 3 0 3 3 3 5 13 13 2 14 5 5 13 5
split_gain=41.104 13.1144 1.5416 1.39938 1.18441 0.179977 0.15061 0.0678159 0.0154977 0.000558528 5.04585e-05 2.61205e-05 8.82195e-06 3.02807e-06 3.77809e-07 1.00848e-06
threshold=9.2300000000000022 2.8500000000000001 1.0000000180025095e-35 1.0000000180025095e-35 6.1500000000000012 3.9250000000000003 1.7500000000000002 5.4450000000000012 1.2185907750067047 1.902519201228879 5.5000000000000009 0.33017355215996985 4.955000000000001 2.9900000000000007 1.6928867868596225 4.955000000000001
decision_type=2 2 2 2 2 2 2 2 2 2 2 2 2 2 2 2
left_child=1 2 3 8 5 -3 7 -4 -1 10 -10 12 -12 -13 -15 -16
right_child=-2 4 6 -5 -6 -7 -8 -9 9 -11 11 13 -14 14 15 -17
leaf_value=-0.0067136513775792623 0.070073722423985602 0.0065011836635503212 -0.0048398398025892679 -0.018374071115007006 0.022327208891510963 0.012780007474124434 0.002110337509881132 -0.00093361799977719785 -0.0078413477167487144 -0.0081204885714932489 -0.0079073331753412891 -0.007919266261160374 -0.0078644623607397081 -0.0079440452406803769 -0.0079442154616117481 -0.0079288969082491733
leaf_weight=29 20 21 20 36 33 25 26 25 24 38 30 24 20 30 22 21
leaf_count=29 20 21 20 36 33 25 26 25 24 38 30 24 20 30 22 21
internal_value=2.68536e-05 -0.00327724 -0.00748514 -0.00918652 0.015099 0.00991359 -0.000919274 -0.00266972 -0.0077968 -0.0079471 -0.00790857 -0.00791954 -0.00789018 -0.00793467 -0.00793974 -0.00793673
internal_weight=444 424 345 274 79 46 71 45 238 209 171 147 50 97 73 43
internal_count=444 424 345 274 79 46 71 45 238 209 171 147 50 97 73 43
is_linear=0
shrinkage=0.05


Tree=48
num_leaves=18
num_cat=0
split_feature=3 3 3 4 4 3 3 18 5 5 2 5 5 5 5 5 5
split_gain=37.0964 11.8357 1.39682 2.0808 1.14425 0.135893 0.0646352 0.0152333 0.00972751 0.0223628 0.00290771 0.00100005 0.00228142 0.00167559 0.000811408 0.000550811 0.000224394
threshold=9.2300000000000022 2.8500000000000001 0.75000000000000011 -1.2149999999999996 0.80000000000000016 3.9250000000000003 1.7500000000000002 1.5000000000000002 3.9950000000000006 2.2200000000000002 5.5000000000000009 2.9900000000000007 3.9950000000000006 5.0650000000000004 4.1250000000000009 1.2050000000000003 5.9500000000000002
decision_type=2 2 2 2 2 2 2 2 2 2 2 2 2 2 2 2 2
left_child=1 2 3 -1 5 -3 -4 8 9 -5 -9 15 -13 14 -14 -12 -10
right_child=-2 4 6 7 -6 -7 -8 10 16 -11 11 12 13 -15 -16 -17 -18
leaf_value=-0.024057977951597424 0.066570036816410716 0.0061761243922990707 -0.0014283884766286819 -0.0073870671043793357 0.021266899783821666 0.011683691541353862 0.0020048206689982462 -0.0081627541262170554 -0.0075090545874375572 -0.0054223176358001576 -0.0075836773589253422 -0.0070589874982833868 -0.0076109397624220176 -0.007363915141369845 -0.0080559366010129457 -0.0079547604918479928 -0.0072862868010997771
leaf_weight=20 20 21 29 30 34 24 26 23 26 28 20 25 21 37 20 20 20
leaf_count=20 20 21 29 30 34 24 26 23 26 28 20 25 21 37 20 20 20
internal_value=2.5511e-05 -0.00311338 -0.00711089 -0.00849641 0.0143441 0.00911349 0.000194583 -0.0073437 -0.00686921 -0.00643857 -0.00764096 -0.00755704 -0.00747464 -0.00760786 -0.00782801 -0.00776922 -0.0074122
internal_weight=444 424 345 290 79 45 55 270 104 58 166 143 103 78 41 40 46
internal_count=444 424 345 290 79 45 55 270 104 58 166 143 103 78 41 40 46
is_linear=0
shrinkage=0.05


Tree=49
num_leaves=16
num_cat=0
split_feature=6 6 6 0 6 6 6 5 13 13 2 5 5 5 13
split_gain=33.4795 10.6834 1.36922 1.18649 0.949742 0.25287 0.12544 0.0679702 0.0131933 0.000443497 6.65388e-05 1.36695e-05 1.33483e-05 2.15776e-05 7.37374e-07
threshold=9.2300000000000022 2.9500000000000006 1.0000000180025095e-35 1.0000000180025095e-35 6.7500000000000009 4.2600000000000007 1.7500000000000002 5.4450000000000012 1.2185907750067047 1.902519201228879 5.5000000000000009 6.9900000000000011 2.9900000000000007 3.9950000000000006 1.6928867868596225
decision_type=2 2 2 2 2 2 2 2 2 2 2 2 2 2 2
left_child=1 2 3 8 5 -3 7 -4 -1 10 -10 12 -12 -14 -15
right_child=-2 4 6 -5 -6 -7 -8 -9 9 -11 11 -13 13 14 -16
leaf_value=-0.0060385724722311421 0.063241532994434232 0.0069650537226922243 -0.0044190132617950443 -0.016777476436820711 0.0232653383910656 0.013651399170198747 0.0020160799272291893 -0.00050834941491484647 -0.0070651025511324411 -0.0073311348886866317 -0.0071363544189616259 -0.0071175476979641692 -0.0072071289450957856 -0.0071494944167859627 -0.0071607533269203638
leaf_weight=29 20 26 20 36 20 31 28 25 24 38 38 21 29 33 26
leaf_count=29 20 26 20 36 20 31 28 25 24 38 38 21 29 33 26
internal_value=2.42353e-05 -0.00295771 -0.00669643 -0.0083176 0.0138908 0.0106015 -0.00061149 -0.00224642 -0.00703796 -0.00717663 -0.00714229 -0.0071549 -0.00716112 -0.00717181 -0.00715446
internal_weight=444 424 347 274 77 57 73 45 238 209 171 147 126 88 59
internal_count=444 424 347 274 77 57 73 45 238 209 171 147 126 88 59
is_linear=0
shrinkage=0.05


Tree=50
num_leaves=16
num_cat=0
split_feature=3 5 3 9 3 8 14 5 13 13 13 5 5 5 13
split_gain=23.6239 8.1377 3.48192 1.52332 0.654558 0.165564 0.106775 0.102276 0.0114994 0.00942605 0.000367138 5.01993e-05 5.63228e-06 2.34366e-05 1.00748e-06
threshold=5.5250000000000012 9.1650000000000009 0.75000000000000011 -0.0849125969497877 3.2500000000000004 1.0000000180025095e-35 0.77826941986234033 4.7950000000000008 1.6928867868596225 1.2185907750067047 1.902519201228879 6.9900000000000011 3.9950000000000006 2.9900000000000007 1.6928867868596225
decision_type=2 2 2 2 2 2 2 2 2 2 2 2 2 2 2
left_child=2 -2 3 -1 6 9 8 -7 -4 -5 11 12 13 -11 -14
right_child=1 -3 4 5 -6 7 -8 -9 -10 10 -12 -13 14 -15 -16
leaf_value=-0.020460143866948784 0.01597423688753655 0.054757586103819672 -0.0012100146130912684 -0.0057411888695281486 0.0097334024234442054 -0.0056116386401382362 0.0040043950034305458 -0.00067130904528312386 0.00040661795752715664 -0.0067782829846105277 -0.0069707747188306624 -0.0067204441461298199 -0.0067806351145631386 -0.0068433499634265905 -0.0067923075209061316
leaf_weight=20 38 21 22 23 32 22 20 20 22 31 31 27 38 25 36
leaf_count=20 38 21 22 23 32 22 20 20 22 31 31 27 38 25 36
internal_value=0.000401253 0.0297785 -0.00429592 -0.0071761 0.0038946 -0.00612598 0.000975206 -0.0032591 -0.000401698 -0.00669664 -0.00681353 -0.00678248 -0.00679537 -0.00680733 -0.00678631
internal_weight=428 59 369 273 96 253 64 42 44 211 188 157 130 56 74
internal_count=428 59 369 273 96 253 64 42 44 211 188 157 130 56 74
is_linear=0
shrinkage=0.05


Tree=51
num_leaves=17
num_cat=0
split_feature=4 6 9 4 13 9 6 5 0 13 13 2 5 5 5 13
split_gain=23.9831 7.44968 1.59599 0.687085 0.645329 1.15966 0.451523 0.0771621 0.0206405 0.00850701 0.000331342 5.77053e-05 1.8404e-05 7.71119e-06 1.34578e-05 6.026e-07
threshold=2.3200000000000003 2.6000000000000005 -0.0849125969497877 -0.98499999999999988 1.6928867868596225 0.7938259065565979 0.8500000000000002 7.2300000000000013 1.0000000180025095e-35 1.2185907750067047 1.902519201228879 5.5000000000000009 6.9900000000000011 2.9900000000000007 3.9950000000000006 1.6928867868596225
decision_type=2 2 2 2 2 2 2 2 2 2 2 2 2 2 2 2
left_child=1 2 -1 -4 7 -6 8 -3 9 -5 11 -11 13 -13 -15 -16
right_child=-2 4 3 6 5 -7 -8 -9 -10 10 -12 12 -14 14 15 -17
leaf_value=-0.019437136584892871 0.052487298207623628 0.0086184421554207809 0.0016301838719906909 -0.0054541293693625417 0.0070317805944276716 0.023648291613374436 -0.00034570964977747817 0.0043273249873891475 -0.007971176572821358 -0.0063682679256254985 -0.0066222358855508997 -0.0064415002614259731 -0.0064113267138600355 -0.0065036506108615711 -0.0064537772536277767 -0.0064636410679668188
leaf_weight=20 21 22 36 23 21 21 34 20 22 22 31 30 20 23 30 32
leaf_count=20 21 22 36 23 21 21 34 20 22 22 31 30 20 23 30 32
internal_value=0.00038119 -0.00230733 -0.00575702 -0.00485404 0.0109575 0.01534 -0.00572832 0.00657505 -0.00651377 -0.00636181 -0.00647285 -0.00644336 -0.0064556 -0.00646329 -0.00647099 -0.00645887
internal_weight=428 407 323 303 84 42 267 42 233 211 188 157 135 115 85 62
internal_count=428 407 323 303 84 42 267 42 233 211 188 157 135 115 85 62
is_linear=0
shrinkage=0.05


Tree=52
num_leaves=17
num_cat=0
split_feature=3 5 3 13 9 3 0 5 14 13 13 2 5 5 5 13
split_gain=19.279 10.9728 1.88268 1.42775 1.24088 0.256649 0.135177 0.0784477 0.034427 0.00767757 0.000299036 5.20791e-05 1.66097e-05 6.95934e-06 1.21456e-05 5.43833e-07
threshold=4.2600000000000007 9.4050000000000029 0.75000000000000011 1.6928867868596225 -0.0849125969497877 2.9500000000000006 1.0000000180025095e-35 4.7950000000000008 0.74231485794131358 1.2185907750067047 1.902519201228879 5.5000000000000009 6.9900000000000011 2.9900000000000007 3.9950000000000006 1.6928867868596225
decision_type=2 2 2 2 2 2 2 2 2 2 2 2 2 2 2 2
left_child=2 3 4 -2 -1 8 9 -8 -4 -6 11 -11 13 -13 -15 -16
right_child=1 -3 5 -5 6 -7 7 -9 -10 10 -12 12 -14 14 15 -17
leaf_value=-0.018465279536321762 0.0024159859673565497 0.055209150188602507 -0.00075203124645420102 0.018857747736957767 -0.005181423023990963 0.0062979338404077758 -0.004997961764985865 -0.00067124593886546801 0.0018014484482013029 -0.0060498544776981531 -0.0062911241765945189 -0.0061194252843658134 -0.0060907602496445183 -0.006178468012291452 -0.0061310884977380442 -0.006140459002926946
leaf_weight=20 23 20 33 31 23 26 22 20 22 22 31 30 20 23 30 32
leaf_count=20 23 20 33 31 23 26 22 20 22 22 31 30 20 23 30 32
internal_value=0.000362131 0.0235722 -0.00448969 0.0118548 -0.00647586 0.00220446 -0.00552808 -0.00293762 0.000269361 -0.00604372 -0.00614921 -0.00612119 -0.00613282 -0.00614013 -0.00614744 -0.00613592
internal_weight=428 74 354 54 273 81 253 42 55 211 188 157 135 115 85 62
internal_count=428 74 354 54 273 81 253 42 55 211 188 157 135 115 85 62
is_linear=0
shrinkage=0.05


Tree=53
num_leaves=15
num_cat=0
split_feature=4 3 17 0 13 9 4 3 13 13 13 2 14 13
split_gain=20.4195 5.86191 1.58792 0.580754 0.493445 1.05317 0.212949 0.13966 0.0169231 0.00692901 0.00026988 4.70014e-05 5.34507e-06 8.69671e-07
threshold=2.3200000000000003 2.6000000000000005 -0.29886153460104409 1.0000000180025095e-35 1.6928867868596225 0.7938259065565979 -1.3949999999999998 0.95000000000000007 1.5066423433214307 1.2185907750067047 1.902519201228879 5.5000000000000009 0.33017355215996985 1.6928867868596225
decision_type=2 2 2 2 2 2 2 2 2 2 2 2 2 2
left_child=1 2 -1 9 8 -6 -5 -8 -3 -4 11 -11 -13 -14
right_child=-2 4 3 6 5 -7 7 -9 -10 10 -12 12 13 -15
leaf_value=-0.018842285759747029 0.048423372138114207 0.0048407859878021884 -0.0049223518080037578 0.0035831685154698793 0.0055445331226413458 0.021379792016176954 -0.0045130288255001818 -0.00010710125490142084 0.0068503821361809965 -0.0057473617351867937 -0.0059765679821852718 -0.0058108421228826052 -0.0058390381691210413 -0.0058290587585480488
leaf_weight=20 21 22 23 20 21 21 35 37 20 22 31 40 34 61
leaf_count=20 21 22 23 20 21 21 35 37 20 22 31 40 34 61
internal_value=0.000344024 -0.00213673 -0.00519679 -0.0042961 0.00962995 0.0134622 -0.000981037 -0.00224887 0.00579774 -0.00574153 -0.00584175 -0.00581513 -0.00582617 -0.00583263
internal_weight=428 407 323 303 84 42 92 72 42 211 188 157 135 95
internal_count=428 407 323 303 84 42 92 72 42 211 188 157 135 95
is_linear=0
shrinkage=0.05


Tree=54
num_leaves=15
num_cat=0
split_feature=4 6 9 4 13 9 6 0 13 13 13 2 14 13
split_gain=18.4286 5.29037 1.17837 0.539168 0.445334 0.950488 0.335478 0.0267783 0.0152731 0.00625343 0.000243567 4.24188e-05 4.82391e-06 7.84865e-07
threshold=2.3200000000000003 2.6000000000000005 -0.0849125969497877 -0.98499999999999988 1.6928867868596225 0.7938259065565979 0.75000000000000011 1.0000000180025095e-35 1.5066423433214307 1.2185907750067047 1.902519201228879 5.5000000000000009 0.33017355215996985 1.6928867868596225
decision_type=2 2 2 2 2 2 2 2 2 2 2 2 2 2
left_child=1 2 -1 -4 8 -6 7 9 -3 -5 11 -11 -13 -14
right_child=-2 4 3 6 5 -7 -8 -9 -10 10 -12 12 13 -15
leaf_value=-0.016691788583993911 0.046002205000037238 0.0045987465400354598 0.0015829494266654366 -0.0046762341714423642 0.0052673063728780976 0.020310802367471514 -0.00037247137740320925 -0.0073266644030809402 0.0065078627038747082 -0.0054599936035546392 -0.005677739554835904 -0.0055203000269830231 -0.0055470861932810618 -0.0055376058291704937
leaf_weight=20 21 22 36 23 21 21 35 21 20 22 31 40 34 61
leaf_count=20 21 22 36 23 21 21 35 21 20 22 31 40 34 61
internal_value=0.000326823 -0.00202989 -0.00493695 -0.00416106 0.00914845 0.0127891 -0.00493553 -0.00562392 0.00550785 -0.00545446 -0.00554966 -0.00552437 -0.00553487 -0.005541
internal_weight=428 407 323 303 84 42 267 232 42 211 188 157 135 95
internal_count=428 407 323 303 84 42 267 232 42 211 188 157 135 95
is_linear=0
shrinkage=0.05


Tree=55
num_leaves=17
num_cat=0
split_feature=3 5 14 3 3 3 14 4 17 5 5 14 5 17 13 5
split_gain=8.47604 4.67203 1.3483 0.565311 0.481644 0.167339 0.0624799 0.0366411 0.00852101 0.00125151 0.00242206 0.000441553 0.00038975 0.000104506 1.90097e-05 1.88443e-05
threshold=3.2500000000000004 10.030000000000003 0.93686280598250804 0.75000000000000011 6.1500000000000012 -0.19999999999999998 0.75782013685239502 -0.82499999999999984 -0.13832722957258109 4.955000000000001 3.2050000000000005 0.33017355215996985 2.2200000000000002 -0.22694064964358676 1.6928867868596225 6.9900000000000011
decision_type=2 2 2 2 2 2 2 2 2 2 2 2 2 2 2 2
left_child=3 2 4 5 -2 -1 -5 -7 9 10 12 -12 14 -11 -9 -15
right_child=1 -3 -4 6 -6 7 -8 8 -10 13 11 -13 -14 15 -16 -17
leaf_value=-0.00074196070975934467 0.0072533041248098026 0.033604122935370968 -0.0034633346611545202 -0.00079921001929000748 0.017663393020629883 -0.0031607710251674612 0.0024173981886213788 -0.0052271465460459396 -0.0044785887801221443 -0.0053327303251315813 -0.0059652151031927628 -0.005648429590192708 -0.0054922302519636495 -0.005241072974328337 -0.0052888557314872747 -0.0051804693496745567
leaf_weight=24 25 22 21 36 20 22 26 24 28 29 22 22 28 29 26 23
leaf_count=24 25 22 21 36 20 22 26 24 28 29 22 22 28 29 26 23
internal_value=-0.000176904 0.0136496 0.00699804 -0.00376607 0.01188 -0.00473206 0.00054969 -0.00511056 -0.00529626 -0.00540904 -0.0055102 -0.00580682 -0.00534287 -0.00525668 -0.00525924 -0.00521427
internal_weight=427 88 66 339 45 277 62 253 231 203 122 44 78 81 50 52
internal_count=427 88 66 339 45 277 62 253 231 203 122 44 78 81 50 52
is_linear=0
shrinkage=0.05


Tree=56
num_leaves=16
num_cat=0
split_feature=9 13 3 8 5 3 3 4 13 13 5 5 5 5 13
split_gain=8.20072 6.25413 1.0533 0.133827 0.104012 0.0981812 0.057333 0.0500067 0.00526376 0.000202225 5.77776e-05 9.95219e-06 1.21712e-05 9.01457e-06 7.44271e-07
threshold=0.7938259065565979 1.6928867868596225 1.5500000000000003 1.0000000180025095e-35 4.0050000000000008 1.0000000180025095e-35 2.9500000000000006 0.22500000000000003 1.2185907750067047 1.902519201228879 7.9850000000000003 5.9500000000000002 3.9950000000000006 2.9900000000000007 1.6928867868596225
decision_type=2 2 2 2 2 2 2 2 2 2 2 2 2 2 2
left_child=2 -2 3 8 -5 -6 -4 -8 -1 10 11 12 13 -10 -14
right_child=1 -3 6 4 5 -7 7 -9 9 -11 -12 -13 14 -15 -16
leaf_value=-0.0042163043748587375 -0.0021312516638427041 0.030612244643270971 0.00089541356932992745 -0.00019465789509316288 -0.006632268619869138 -0.0021096133161336186 0.0055548482481390243 0.0020190786127932368 -0.0049832209944725044 -0.0051162756397388877 -0.0048991267010569575 -0.005017233060465919 -0.0049603470068957127 -0.0050225670294215289 -0.0049722162932157518
leaf_weight=24 25 35 30 30 20 30 20 20 37 32 20 27 28 24 25
leaf_count=24 25 35 30 30 20 30 20 20 37 32 20 27 28 24 25
internal_value=-0.000168059 0.0169691 -0.00296978 -0.0042702 -0.00252217 -0.00391868 0.00254773 0.00378696 -0.00491464 -0.00500147 -0.00497866 -0.00498994 -0.00498347 -0.0049987 -0.00496595
internal_weight=427 60 367 297 80 50 70 40 217 193 161 141 114 61 53
internal_count=427 60 367 297 80 50 70 40 217 193 161 141 114 61 53
is_linear=0
shrinkage=0.05


Tree=57
num_leaves=13
num_cat=0
split_feature=17 3 13 9 0 17 4 14 13 13 14 13
split_gain=7.6321 2.60933 0.43403 1.48293 0.147383 0.101192 0.0423142 0.0258934 0.00475054 0.000182508 7.59214e-06 1.71262e-06
threshold=0.98362580730055971 1.7500000000000002 1.6928867868596225 0.81790439753137034 1.0000000180025095e-35 0.57410322477486819 -0.72499999999999987 0.61493114506696867 1.2185907750067047 1.902519201228879 0.33017355215996985 1.6928867868596225
decision_type=2 2 2 2 2 2 2 2 2 2 2 2
left_child=1 4 5 -4 8 -3 7 -6 -1 10 -10 -12
right_child=-2 2 3 -5 6 -7 -8 -9 9 -11 11 -13
leaf_value=-0.0040054892500241603 0.029995415433077145 0.0036722843013703823 0.0020721729580514335 0.018707609744299025 -0.0038692344159686146 -0.0010993139538913964 -0.00067366768349090534 -0.0017095995054620763 -0.0047150577696269021 -0.004860461840871722 -0.0047460456116077236 -0.0047327921826105859
leaf_weight=24 20 25 37 21 35 20 29 23 57 32 39 65
leaf_count=24 20 25 37 21 35 20 29 23 57 32 39 65
internal_value=-0.000159656 -0.00164148 0.00523642 0.00809535 -0.00397182 0.00155157 -0.00223311 -0.00301283 -0.0046689 -0.0047514 -0.00472972 -0.00473776
internal_weight=427 407 103 58 304 45 87 58 217 193 161 104
internal_count=427 407 103 58 304 45 87 58 217 193 161 104
is_linear=0
shrinkage=0.05


Tree=58
num_leaves=17
num_cat=0
split_feature=9 18 6 6 6 4 4 14 13 5 5 14 5 14 5 5
split_gain=6.67163 5.8505 0.860892 0.143766 0.104646 0.0443874 0.0289856 0.0229659 0.00627829 0.00123111 0.00174079 0.000866344 0.000259145 0.000392474 7.91569e-05 1.97077e-05
threshold=0.7938259065565979 2.5000000000000004 0.75000000000000011 -0.19999999999999998 2.9500000000000006 0.22500000000000003 -0.84499999999999986 0.74231485794131358 1.2185907750067047 4.955000000000001 3.2050000000000005 0.33017355215996985 2.4700000000000006 0.33017355215996985 7.9850000000000003 5.9500000000000002
decision_type=2 2 2 2 2 2 2 2 2 2 2 2 2 2 2 2
left_child=2 -2 3 -1 7 -6 -5 -4 -8 10 12 -12 13 -10 15 -11
right_child=1 -3 4 6 5 -7 8 -9 9 14 11 -13 -14 -15 -16 -17
leaf_value=-0.00036069989049186311 -0.0025488509689099515 0.028958789311239824 -0.00083017463776438203 -0.0026310903397167014 0.0051414949167519807 0.0018103001988492907 -0.0038052146633466089 0.0013571915816282855 -0.0045484232405821482 -0.0045046022878243372 -0.0052287189120596112 -0.0047943316089610263 -0.0044938948271530015 -0.0048205961115085167 -0.0044260314242406326 -0.0045628086861335872
leaf_weight=24 26 34 30 21 20 20 24 20 27 26 22 24 28 26 22 33
leaf_count=24 26 34 30 21 20 20 24 20 27 26 22 24 28 26 22 33
internal_value=-0.000151673 0.0153055 -0.00267873 -0.00405909 0.00156972 0.0034759 -0.00440992 4.47718e-05 -0.00457094 -0.00465929 -0.00475644 -0.00500208 -0.00461694 -0.00468194 -0.00450698 -0.00453716
internal_weight=427 60 367 277 90 40 253 50 232 208 127 46 81 53 81 59
internal_count=427 60 367 277 90 40 253 50 232 208 127 46 81 53 81 59
is_linear=0
shrinkage=0.05


Tree=59
num_leaves=16
num_cat=0
split_feature=17 3 13 9 5 0 5 3 13 13 5 5 5 5 5
split_gain=6.46005 2.07471 0.368297 1.21107 0.419808 0.117541 0.0779697 0.10546 0.00379437 0.000155352 3.85303e-05 1.27073e-05 1.60686e-05 1.33649e-05 3.19504e-06
threshold=0.98362580730055971 1.7500000000000002 1.6928867868596225 0.81790439753137034 7.3000000000000007 1.0000000180025095e-35 4.0050000000000008 1.0000000180025095e-35 1.2185907750067047 1.902519201228879 7.9850000000000003 5.9500000000000002 3.9950000000000006 2.9900000000000007 4.955000000000001
decision_type=2 2 2 2 2 2 2 2 2 2 2 2 2 2 2
left_child=1 5 4 -4 -3 8 -7 -8 -1 10 11 12 13 -10 -14
right_child=-2 2 3 -5 -6 6 7 -9 9 -11 -12 -13 14 -15 -16
leaf_value=-0.0036149540295203533 0.027599088763818148 0.0055507012326270339 0.0018159729478931107 0.016849416897942626 -0.0041681926554883826 3.0647947763403254e-05 -0.0060437507415190342 -0.0015372981790081925 -0.004262141712211274 -0.004382205801084638 -0.0041966398432850844 -0.0043016411777999667 -0.0042330125046353192 -0.0043100500168899696 -0.0042579271068627182
leaf_weight=24 20 25 37 21 20 30 20 37 37 32 20 27 31 24 22
leaf_count=24 20 25 37 21 20 30 20 37 37 32 20 27 31 24 22
internal_value=-0.00014409 -0.00150739 0.00462556 0.00725912 0.00123119 -0.00358533 -0.00203259 -0.00311851 -0.00420786 -0.00428159 -0.00426159 -0.0042708 -0.00426349 -0.00428099 -0.00424335
internal_weight=427 407 103 58 45 304 87 57 217 193 161 141 114 61 53
internal_count=427 407 103 58 45 304 87 57 217 193 161 141 114 61 53
is_linear=0
shrinkage=0.05


Tree=60
num_leaves=16
num_cat=0
split_feature=5 4 3 13 3 3 3 5 3 4 5 5 18 5 5
split_gain=13.0746 1.59634 3.20506 0.939054 0.526801 0.485289 0.367538 0.0307079 0.0264518 0.0259347 0.00181961 0.000751097 0.000205859 4.57844e-05 6.94787e-05
threshold=10.720000000000001 2.2450000000000006 3.7550000000000003 1.2185907750067047 6.5500000000000007 -0.19999999999999998 0.95000000000000007 6.5250000000000012 1.7500000000000002 -0.59999999999999987 2.5750000000000006 1.2050000000000003 1.5000000000000002 4.955000000000001 3.3350000000000004
decision_type=2 2 2 2 2 2 2 2 2 2 2 2 2 2 2
left_child=1 2 3 -1 -4 -5 7 9 -8 -7 11 -11 -12 14 -14
right_child=-2 -3 4 5 -6 6 8 -9 -10 10 12 -13 13 -15 -16
leaf_value=-0.011040218535030413 0.03225483777451104 -0.015905044848720233 0.0056648392545720263 0.0045484520198607985 0.015921460304941452 -0.0060029331035912036 -0.00078739996533840897 -0.0027428001312440951 0.0014648069583927282 -0.0041437052562832829 -0.0038963309982243707 -0.0045547974854707723 -0.0040833388765652975 -0.0040843624311188856 -0.0039676668834598625
leaf_weight=37 29 21 31 22 21 20 22 38 32 20 34 25 21 36 34
leaf_count=37 29 21 31 22 21 20 22 38 32 20 34 25 21 36 34
internal_value=-0.000200267 -0.00247369 -0.00175599 -0.00351925 0.00980694 -0.00260387 -0.00316185 -0.00404032 0.000547241 -0.00429982 -0.00409945 -0.00437209 -0.0040013 -0.00404053 -0.00401183
internal_weight=443 414 393 341 52 304 282 228 54 190 170 45 125 91 55
internal_count=443 414 393 341 52 304 282 228 54 190 170 45 125 91 55
is_linear=0
shrinkage=0.05


Tree=61
num_leaves=17
num_cat=0
split_feature=5 4 3 17 3 0 5 3 4 4 14 14 5 5 5 5
split_gain=11.7998 1.4407 2.89257 1.20589 0.475438 0.331053 0.149078 0.0888475 0.0361782 0.0102065 0.00954199 7.84766e-05 3.06164e-05 1.03374e-05 2.69164e-05 2.99275e-06
threshold=10.720000000000001 2.2450000000000006 3.7550000000000003 -0.29886153460104409 6.5500000000000007 1.0000000180025095e-35 5.9050000000000011 1.4500000000000002 -0.79499999999999993 -1.1749999999999996 0.38362831858407087 0.31796157059314961 5.9500000000000002 3.9950000000000006 2.9900000000000007 4.955000000000001
decision_type=2 2 2 2 2 2 2 2 2 2 2 2 2 2 2 2
left_child=1 2 3 -1 -4 10 7 8 -7 -8 11 -5 13 14 -13 -15
right_child=-2 -3 4 5 -6 6 9 -9 -10 -11 -12 12 -14 15 -16 -17
leaf_value=-0.015255272486247124 0.030642094582134599 -0.015109792546856972 0.0053815972495583758 -0.0039552056445525249 0.015125387481280736 -0.0017273033340461552 0.0028369671283871869 0.00048714439080168421 -0.0046986992426571398 0.0012587188421526836 -0.0028842655808797909 -0.0038286565936037475 -0.0038969762030650274 -0.0038236729252864332 -0.0038979855632143359 -0.0038464617431163786
leaf_weight=20 29 21 31 26 21 20 20 26 21 21 28 28 44 34 28 25
leaf_count=20 29 21 31 26 21 20 20 26 21 21 28 28 44 34 28 25
internal_value=-0.000190254 -0.00235001 -0.00166819 -0.00334328 0.00931659 -0.0026011 -0.000346116 -0.0017993 -0.00324924 0.0020286 -0.00374448 -0.00387467 -0.00386151 -0.00384793 -0.00386332 -0.00383333
internal_weight=443 414 393 341 52 321 108 67 41 41 213 185 159 115 56 59
internal_count=443 414 393 341 52 321 108 67 41 41 213 185 159 115 56 59
is_linear=0
shrinkage=0.05


Tree=62
num_leaves=17
num_cat=0
split_feature=5 4 3 17 3 0 5 3 4 4 13 13 5 5 5 5
split_gain=10.6493 1.30023 2.61054 1.08832 0.429082 0.298776 0.134543 0.0801848 0.0326508 0.00921135 0.00861164 7.08251e-05 2.78168e-05 6.84114e-06 2.21085e-05 8.52963e-06
threshold=10.720000000000001 2.2450000000000006 3.7550000000000003 -0.29886153460104409 6.5500000000000007 1.0000000180025095e-35 5.9050000000000011 1.4500000000000002 -0.79499999999999993 -1.1749999999999996 1.2185907750067047 1.902519201228879 6.9900000000000011 2.9900000000000007 3.9950000000000006 4.955000000000001
decision_type=2 2 2 2 2 2 2 2 2 2 2 2 2 2 2 2
left_child=1 2 3 -1 -4 10 7 8 -7 -8 -5 12 13 -12 -15 -16
right_child=-2 -3 4 5 -6 6 9 -9 -10 -11 11 -13 -14 14 15 -17
leaf_value=-0.014492509430274367 0.029109990182493269 -0.014354303213102477 0.00511251739207505 -0.0027400523291102479 0.014369117983040356 -0.0016409381944686174 0.0026951187974191271 0.00046278713181471592 -0.0044637643288643588 0.0011957828853545445 -0.0036372238903173378 -0.003757445370921722 -0.0037157304871540801 -0.0037030864373913835 -0.003632489285048317 -0.0036660017748904785
leaf_weight=20 29 21 31 28 21 20 20 26 21 21 28 26 26 28 34 43
leaf_count=20 29 21 31 28 21 20 20 26 21 21 28 26 26 28 34 43
internal_value=-0.000180741 -0.00223251 -0.00158478 -0.00317612 0.00885076 -0.00247105 -0.00032881 -0.00170933 -0.00308678 0.00192717 -0.00355726 -0.00368094 -0.00366843 -0.00365918 -0.00366504 -0.0036512
internal_weight=443 414 393 341 52 321 108 67 41 41 213 185 159 133 105 77
internal_count=443 414 393 341 52 321 108 67 41 41 213 185 159 133 105 77
is_linear=0
shrinkage=0.05


Tree=63
num_leaves=13
num_cat=0
split_feature=14 9 4 4 14 4 14 17 6 17 18 17
split_gain=8.64438 1.98367 1.32845 0.427784 0.358878 0.0761641 0.0475336 0.0425336 0.00836397 0.00338408 0.000552092 5.73597e-05
threshold=0.96048454469507105 0.36084832425942415 -1.6449999999999998 0.87000000000000011 0.17500000000000002 -1.1099999999999999 0.76106934001670845 -0.13832722957258109 0.8500000000000002 -0.21760247114798026 2.5000000000000004 -0.22694064964358676
decision_type=2 2 2 2 2 2 2 2 2 2 2 2
left_child=1 2 -1 6 -4 -6 -3 9 -9 10 -7 -12
right_child=-2 3 4 -5 5 7 -8 8 -10 -11 11 -13
leaf_value=-0.016086080907844007 0.031138188462881817 -7.768294183603888e-05 0.0036904302006587385 0.0085943712196193452 -0.00034023020527369926 -0.0038657607510685921 0.0029006551479215962 -0.0027220312040299177 -0.0014664266580006198 -0.0041040966287255289 -0.0035724869626032755 -0.0036454700140489474
leaf_weight=20 21 21 20 39 21 28 37 36 21 64 43 72
leaf_count=20 21 21 20 39 21 28 37 36 21 64 43 72
internal_value=-0.000171704 -0.00172978 -0.00360259 0.00454509 -0.002784 -0.00323834 0.00182229 -0.00346887 -0.00225944 -0.0038019 -0.00366666 -0.00361818
internal_weight=443 422 325 97 305 285 58 264 57 207 143 115
internal_count=443 422 325 97 305 285 58 264 57 207 143 115
is_linear=0
shrinkage=0.05


Tree=64
num_leaves=16
num_cat=0
split_feature=5 4 3 17 3 0 5 3 4 17 17 5 5 5 5
split_gain=9.56537 1.4416 2.1776 0.983368 0.408973 0.225885 0.123 0.0591642 0.0279941 0.00687353 5.71874e-05 2.48625e-05 7.33701e-06 2.33684e-05 2.37306e-06
threshold=10.720000000000001 2.2450000000000006 3.2500000000000004 -0.29886153460104409 6.5500000000000007 1.0000000180025095e-35 5.9050000000000011 1.4500000000000002 -0.79499999999999993 -0.13832722957258109 -0.22739010339089433 5.9500000000000002 3.9950000000000006 2.9900000000000007 4.955000000000001
decision_type=2 2 2 2 2 2 2 2 2 2 2 2 2 2 2
left_child=1 2 3 -1 -4 9 7 8 -7 10 -5 12 13 -12 -14
right_child=-2 -3 4 5 -6 6 -8 -9 -10 -11 11 -13 14 -15 -16
leaf_value=-0.013695779186673463 0.027596922103187135 -0.014871442867886454 0.004394865950702557 -0.0033762851013587076 0.013220943439574468 -0.0015015977923758328 0.0018655853704191172 0.00028541428231013323 -0.0041153875445680962 -0.0024669481308332514 -0.0032647320335464818 -0.003328262235630642 -0.0032631652758401985 -0.0033293302969208786 -0.003283458009362221
leaf_weight=20 29 21 35 26 21 20 39 24 21 28 28 44 34 28 25
leaf_count=20 29 21 35 26 21 20 39 24 21 28 28 44 34 28 25
internal_value=-0.000163119 -0.00210766 -0.00142563 -0.00294283 0.00770465 -0.00226441 -0.000354301 -0.00168623 -0.00284037 -0.00319704 -0.00330754 -0.0032963 -0.00328407 -0.00329703 -0.00327176
internal_weight=443 414 393 337 56 317 104 65 41 213 185 159 115 56 59
internal_count=443 414 393 337 56 317 104 65 41 213 185 159 115 56 59
is_linear=0
shrinkage=0.05


Tree=65
num_leaves=16
num_cat=0
split_feature=4 4 9 17 5 17 18 17 0 5 4 5 5 17 5
split_gain=6.36135 1.44902 0.843166 0.193316 0.226318 0.136886 0.0575687 0.0429037 0.0211628 0.0115805 0.00520357 8.37371e-06 2.21591e-05 1.63162e-05 3.12126e-06
threshold=1.7750000000000001 -1.4699999999999998 0.36084832425942415 -0.25784337439904464 3.9950000000000006 0.58079696101872247 2.5000000000000004 -0.13832722957258109 1.0000000180025095e-35 6.9900000000000011 -0.48499999999999993 2.9900000000000007 3.9950000000000006 -0.21760247114798026 4.955000000000001
decision_type=2 2 2 2 2 2 2 2 2 2 2 2 2 2 2
left_child=1 -1 3 4 -3 6 -4 8 9 11 -9 -5 -13 14 -14
right_child=-2 2 5 7 -6 -7 -8 10 -10 -11 -12 12 13 -15 -16
leaf_value=-0.01476064295219701 0.021197978756390512 0.0038020712556317451 0.0038220263716842364 -0.0031003134099371506 -0.0031387155794579051 0.0064619750837269039 0.00066060683683543992 -0.0014997848382336089 -0.0050105347717180858 -0.0043552008118819107 -0.0024331304710358383 -0.0031656446183721226 -0.0031170512549579146 -0.0030797121074536572 -0.0031407203339040277
leaf_weight=21 32 24 24 33 23 23 36 32 20 22 28 30 26 23 30
leaf_count=21 32 24 24 33 23 23 36 32 20 22 28 30 26 23 30
internal_value=-0.000243482 -0.00198051 -0.00126291 -0.00253081 0.000405516 0.00318236 0.00192517 -0.00309641 -0.00347502 -0.00328776 -0.00193535 -0.00312238 -0.00312906 -0.00311517 -0.00312973
internal_weight=427 395 374 291 47 83 60 244 184 164 60 142 109 79 56
internal_count=427 395 374 291 47 83 60 244 184 164 60 142 109 79 56
is_linear=0
shrinkage=0.05


Tree=66
num_leaves=16
num_cat=0
split_feature=4 4 9 4 14 14 18 5 5 13 13 13 5 5 13
split_gain=5.74112 1.30774 0.760958 0.163451 0.298468 0.132431 0.067458 0.0256635 0.0147633 0.00540096 0.000443531 3.35122e-05 7.46907e-06 1.96985e-05 1.1927e-05
threshold=1.7750000000000001 -1.4699999999999998 0.36084832425942415 -0.20499999999999999 0.33017355215996985 0.81426279563214832 2.5000000000000004 6.035000000000001 6.9900000000000011 1.2185907750067047 1.902519201228879 1.5066423433214307 3.9950000000000006 2.9900000000000007 1.6928867868596225
decision_type=2 2 2 2 2 2 2 2 2 2 2 2 2 2 2
left_child=1 -1 3 4 -3 -4 -7 -6 9 -5 11 -11 13 -13 -14
right_child=-2 2 5 8 7 6 -8 -9 -10 10 -12 12 14 -15 -16
leaf_value=-0.014022611141470926 0.020138079766184092 0.0048635385697707537 0.00074120487455123414 -0.0022107347380369903 -0.0034519550574119563 0.0065481516188010576 0.0027519066352397203 -0.0011845937217003666 -0.0041227008569343342 -0.0030219900235533715 -0.0032115899724885822 -0.0029534391925803254 -0.0029257264879086744 -0.0030184092279523615 -0.0029713454362201067
leaf_weight=21 32 20 36 24 26 25 22 24 29 35 24 28 23 20 38
leaf_count=21 32 20 36 24 26 25 22 24 29 35 24 28 23 20 38
internal_value=-0.000231308 -0.00188149 -0.00119977 -0.00240427 -0.000298719 0.00302324 0.00477119 -0.00236362 -0.00307118 -0.00291236 -0.00301259 -0.00297942 -0.00296576 -0.00298051 -0.00295414
internal_weight=427 395 374 291 70 83 47 50 221 192 168 144 109 48 61
internal_count=427 395 374 291 70 83 47 50 221 192 168 144 109 48 61
is_linear=0
shrinkage=0.05


Tree=67
num_leaves=15
num_cat=0
split_feature=5 13 14 3 5 3 14 5 4 13 5 5 14 5
split_gain=5.55955 1.03094 0.698579 0.611749 1.55954 0.583212 0.052588 0.0164188 0.0424664 0.000449445 6.75995e-06 1.79676e-05 1.28696e-05 2.75548e-06
threshold=10.720000000000001 1.2185907750067047 0.06304799967374905 1.9350000000000003 8.4400000000000031 5.1450000000000005 0.64873271889400941 6.035000000000001 -0.38999999999999996 1.902519201228879 2.9900000000000007 3.9950000000000006 0.33017355215996985 4.955000000000001
decision_type=2 2 2 2 2 2 2 2 2 2 2 2 2 2
left_child=1 -1 -3 6 5 -5 7 8 -4 10 -10 -12 -13 -14
right_child=-2 2 3 4 -6 -7 -8 -9 9 -11 11 12 13 -15
leaf_value=-0.0092132722657946187 0.021739841472999955 0.008236435843864456 -0.0052879487723112113 0.0017908257924808331 -0.0094655848298729819 0.01106370751435558 -0.00070383167631613713 -0.0018503821082413198 -0.0027981831612331528 -0.0030510104338948925 -0.0028563821874558926 -0.0027794402578602668 -0.0028119495998208343 -0.0028341886090735595
leaf_weight=41 27 20 20 39 22 30 30 30 35 24 30 23 26 30
leaf_count=41 27 20 20 39 22 30 30 30 35 24 30 23 26 30
internal_value=-0.000219743 -0.00170201 -0.000844183 -0.00137991 0.00212649 0.00582251 -0.00266654 -0.00293663 -0.00310997 -0.00285069 -0.0028173 -0.00282344 -0.00281093 -0.00282386
internal_weight=427 400 359 339 91 69 248 218 188 168 144 109 79 56
internal_count=427 400 359 339 91 69 248 218 188 168 144 109 79 56
is_linear=0
shrinkage=0.05


Tree=68
num_leaves=16
num_cat=0
split_feature=5 14 3 4 4 8 17 3 3 14 14 14 5 5 5
split_gain=5.0175 1.0238 1.65053 0.622228 0.245497 0.163846 0.202455 0.10188 0.0292838 0.00974752 0.000467242 1.00892e-05 1.62776e-05 8.20744e-06 3.52656e-07
threshold=10.720000000000001 0.94726085124315229 3.1000000000000005 -1.345 0.93500000000000016 1.0000000180025095e-35 -0.22694064964358676 0.75000000000000011 1.9350000000000003 0.38362831858407087 0.31796157059314961 0.33017355215996985 3.9950000000000006 5.9500000000000002 3.9950000000000006
decision_type=2 2 2 2 2 2 2 2 2 2 2 2 2 2 2
left_child=1 2 3 -1 -4 9 -7 -8 -9 10 -5 12 -12 14 -13
right_child=-2 -3 4 5 -6 6 7 8 -10 -11 11 13 -14 -15 -16
leaf_value=-0.010743060284515932 0.020652848740832674 -0.012643096093088389 0.004206140056651618 -0.0028900148471196494 0.010946534785696051 0.0043961066100746396 -0.0043249003682285549 -0.0012134242954534085 0.001265175533229591 -0.0016395343001931906 -0.0026894393144175411 -0.0026806264876937259 -0.0026353214952078733 -0.0027122163435532934 -0.0026740607090814171
leaf_weight=21 27 20 35 30 22 20 20 26 22 24 24 39 33 21 43
leaf_count=21 27 20 35 30 22 20 20 26 22 24 24 39 33 21 43
internal_value=-0.000208756 -0.00161691 -0.00103659 -0.00242087 0.0068077 -0.00184218 -2.60346e-05 -0.00132666 -7.73994e-05 -0.002589 -0.00270894 -0.00267499 -0.00265811 -0.00268433 -0.00267718
internal_weight=427 400 380 323 57 302 88 68 48 214 190 160 57 103 82
internal_count=427 400 380 323 57 302 88 68 48 214 190 160 57 103 82
is_linear=0
shrinkage=0.05


Tree=69
num_leaves=16
num_cat=0
split_feature=4 4 17 4 17 5 17 5 4 13 13 5 5 14 5
split_gain=5.02315 1.27088 0.583305 0.176124 0.279554 0.0819938 0.042772 0.0377479 0.0103115 0.00881119 0.000591719 6.72228e-06 1.56866e-05 1.03418e-05 2.29601e-06
threshold=1.7750000000000001 -1.4699999999999998 0.25097904726184539 -1.0000000180025095e-35 -0.24866135038179019 6.0100000000000007 -0.13832722957258109 6.9900000000000011 -0.59999999999999987 1.2185907750067047 1.902519201228879 2.9900000000000007 3.9950000000000006 0.33017355215996985 4.955000000000001
decision_type=2 2 2 2 2 2 2 2 2 2 2 2 2 2 2
left_child=1 -1 3 4 -3 -4 -6 9 -8 -5 11 -11 -13 -14 -15
right_child=-2 2 5 7 6 -7 8 -9 -10 10 -12 12 13 14 -16
leaf_value=-0.013710668918100142 0.01885486557148397 0.0049608982678148008 0.0013561045524381503 -0.0015575576107949018 -0.0035708662215620281 0.0050098462964610121 -0.001582329338028406 -0.0043611920128266016 -0.00014510907964834658 -0.0025228617995074303 -0.0028064314275979998 -0.0025793995646138986 -0.002508702177716338 -0.0025376490460565456 -0.0025579494051635268
leaf_weight=21 32 21 28 24 20 34 24 30 26 33 25 30 23 26 30
leaf_count=21 32 21 28 24 20 34 24 30 26 33 25 30 23 26 30
internal_value=-0.000198318 -0.00174187 -0.00106982 -0.00195006 -9.87605e-05 0.00335977 -0.00161666 -0.00271236 -0.000834975 -0.00245338 -0.00258212 -0.00254263 -0.00254862 -0.00253693 -0.00254852
internal_weight=427 395 374 312 91 62 70 221 50 191 167 142 109 79 56
internal_count=427 395 374 312 91 62 70 221 50 191 167 142 109 79 56
is_linear=0
shrinkage=0.05


Tree=70
num_leaves=17
num_cat=0
split_feature=6 4 14 8 17 14 9 5 17 5 14 14 5 5 14 14
split_gain=10.9525 1.55382 1.02942 0.193025 0.105309 0.103793 0.0916379 0.0431256 0.0372076 0.0331995 0.00994395 0.00038441 4.2716e-06 1.67433e-05 1.07197e-05 1.89641e-06
threshold=9.6000000000000014 -1.5799999999999998 0.84271161775406267 1.0000000180025095e-35 -0.22739010339089433 0.72573508421353139 0.7938259065565979 7.9850000000000003 0.14391307744621015 5.2950000000000008 0.38362831858407087 0.31796157059314961 2.9900000000000007 3.9950000000000006 0.33017355215996985 0.34435483870967748
decision_type=2 2 2 2 2 2 2 2 2 2 2 2 2 2 2 2
left_child=1 -1 3 7 -5 9 -4 10 -7 -6 11 -3 -13 -14 -15 -16
right_child=-2 2 6 4 5 8 -8 -9 -10 -11 -12 12 13 14 15 -17
leaf_value=-0.014963484362233432 0.036495560184121138 -0.0026175532076093888 0.0034393273235764354 0.0032369285635650159 -0.0031471280066077325 -0.00064600741723552357 0.0075844574160873895 -0.0045781967999494596 0.002177651896324408 -0.00071825747048327076 -0.0014857781090540812 -0.0023963206564076248 -0.0024484400547319842 -0.0023754712448201399 -0.002409700526013261 -0.0024278218349949882
leaf_weight=20 20 27 24 20 34 20 30 23 28 24 32 32 31 22 42 22
leaf_count=20 20 27 24 20 34 20 30 23 28 24 32 32 31 22 42 22
internal_value=0.000324368 -0.00135411 -0.000691853 -0.00166507 -9.0856e-05 -0.00071874 0.00574218 -0.00252373 0.00100113 -0.00214208 -0.00229655 -0.00244396 -0.00241251 -0.00241694 -0.00240558 -0.00241593
internal_weight=451 431 411 357 126 106 54 231 48 58 208 176 149 117 86 64
internal_count=451 431 411 357 126 106 54 231 48 58 208 176 149 117 86 64
is_linear=0
shrinkage=0.05


Tree=71
num_leaves=17
num_cat=0
split_feature=6 4 14 0 9 5 4 14 5 5 13 13 5 5 14 13
split_gain=9.88467 1.40233 0.929053 0.174205 0.0827032 0.0396239 0.101942 0.0428737 0.0389209 0.0299806 0.00897442 0.00034693 3.85511e-06 1.51108e-05 9.67457e-06 1.71151e-06
threshold=9.6000000000000014 -1.5799999999999998 0.84271161775406267 1.0000000180025095e-35 0.7938259065565979 4.0050000000000008 -0.79499999999999993 0.76638391582725018 7.9850000000000003 6.035000000000001 1.2185907750067047 1.902519201228879 2.9900000000000007 3.9950000000000006 0.33017355215996985 1.6928867868596225
decision_type=2 2 2 2 2 2 2 2 2 2 2 2 2 2 2 2
left_child=1 -1 3 8 -4 -5 9 -8 10 -7 -3 12 -12 -14 -15 -16
right_child=-2 2 4 5 -6 6 7 -9 -10 -11 11 -13 13 14 15 -17
leaf_value=-0.014215310108847919 0.034670781902968885 -0.001411489208112471 0.0032673609995981681 0.0014333665349113289 0.0072052345238626005 -0.0038856636732816697 -0.00035467037105263444 0.0025126498023217373 -0.0043492869878916643 -0.0011479379003867508 -0.0022765046276617797 -0.0024866755499883936 -0.002326017996716884 -0.0022566976449029013 -0.0023064307614483618 -0.0022892154930602938
leaf_weight=20 20 32 24 32 30 20 32 22 23 20 32 27 31 22 22 42
leaf_count=20 20 32 24 32 30 20 32 22 23 20 32 27 31 22 22 42
internal_value=0.00030815 -0.0012864 -0.00065726 -0.00158181 0.00545507 -8.63132e-05 -0.000603651 0.000813497 -0.00239754 -0.0025168 -0.00218172 -0.00232177 -0.00229188 -0.00229609 -0.0022853 -0.00229513
internal_weight=451 431 411 357 54 126 94 54 231 40 208 176 149 117 86 64
internal_count=451 431 411 357 54 126 94 54 231 40 208 176 149 117 86 64
is_linear=0
shrinkage=0.05


Tree=72
num_leaves=16
num_cat=0
split_feature=5 14 3 13 14 4 14 5 4 14 13 14 5 5 13
split_gain=9.20692 1.6008 1.29624 0.817649 0.518349 0.199572 0.0827807 0.0269282 0.0280074 0.0215214 0.000323526 1.93085e-05 6.94379e-06 6.51687e-06 5.58104e-06
threshold=10.720000000000001 0.94726085124315229 3.2500000000000004 1.2185907750067047 0.30714285714285722 1.0700000000000003 0.64873271889400941 6.5250000000000012 -0.48499999999999993 0.75782013685239502 1.902519201228879 0.34435483870967748 3.9950000000000006 2.9900000000000007 1.6928867868596225
decision_type=2 2 2 2 2 2 2 2 2 2 2 2 2 2 2
left_child=1 2 3 -1 -5 -4 7 8 -6 -8 11 12 13 -10 -14
right_child=-2 -3 5 4 6 -7 9 -9 10 -11 -12 -13 14 -15 -16
leaf_value=-0.0087895730324089524 0.027544595403115043 -0.015386396795511246 0.0037102644422997697 0.006394651922441665 -0.0041787068918347362 0.0097238542935387667 -0.00079011996961009983 -0.00084111174219287938 -0.0021812762858139144 0.0012139315716922284 -0.0023643374299773807 -0.0021427824639548092 -0.0021507916599512104 -0.0022179364396089861 -0.0021834229952410649
leaf_weight=40 29 20 37 21 20 22 37 32 27 21 26 39 20 22 38
leaf_count=40 29 20 37 21 20 22 37 32 27 21 26 39 20 22 38
internal_value=0.000292742 -0.00158002 -0.000893131 -0.00207068 -0.0011837 0.00595262 -0.00174804 -0.00218396 -0.00240776 -6.45151e-05 -0.00220184 -0.0021729 -0.00218388 -0.00219774 -0.00217217
internal_weight=451 422 402 343 303 59 282 224 192 58 172 146 107 49 58
internal_count=451 422 402 343 303 59 282 224 192 58 172 146 107 49 58
is_linear=0
shrinkage=0.05


Tree=73
num_leaves=17
num_cat=0
split_feature=14 17 13 5 14 3 5 5 3 0 3 13 5 5 14 5
split_gain=9.03279 0.923754 0.672529 0.411489 0.477022 0.165059 0.0985551 0.0955822 0.0124584 0.0118651 0.00247688 0.000279214 5.37452e-06 8.73154e-06 8.41962e-06 4.34076e-06
threshold=0.96048454469507105 0.14391307744621015 1.2185907750067047 10.900000000000002 0.30714285714285722 6.7500000000000009 5.5550000000000006 7.1350000000000007 0.75000000000000011 1.0000000180025095e-35 4.4850000000000003 1.902519201228879 2.9900000000000007 3.9950000000000006 0.33017355215996985 5.9500000000000002
decision_type=2 2 2 2 2 2 2 2 2 2 2 2 2 2 2 2
left_child=1 2 -1 4 -4 6 -3 8 9 11 -8 12 -6 -14 -15 -16
right_child=-2 5 3 -5 7 -7 10 -9 -10 -11 -12 -13 13 14 15 -17
leaf_value=-0.0086413845545254084 0.032297797394650322 -0.00057613570728184038 0.0060749192644531528 -0.0085968884290195998 -0.0020540366356726738 0.0068191472894492721 0.0030832932237535716 0.00067506204492279469 -0.0010013498068226247 -0.0031905133148719526 0.0038701983184728306 -0.0022469456756004581 -0.0020999112496933631 -0.0020422763106497854 -0.0020693533672866498 -0.0020974465832114221
leaf_weight=39 21 24 21 20 32 24 20 35 22 29 20 27 31 22 44 20
leaf_count=39 21 24 21 20 32 24 20 35 22 29 20 27 31 22 44 20
internal_value=0.000278105 -0.00128565 -0.0024612 -0.00166573 -0.0011759 0.00328298 0.00195692 -0.00175707 -0.00213207 -0.00225341 0.00347675 -0.002099 -0.00207219 -0.00207716 -0.00206896 -0.00207813
internal_weight=451 430 342 303 283 88 64 262 227 205 40 176 149 117 86 64
internal_count=451 430 342 303 283 88 64 262 227 205 40 176 149 117 86 64
is_linear=0
shrinkage=0.05


Tree=74
num_leaves=16
num_cat=0
split_feature=5 4 3 13 4 4 3 17 4 3 17 13 5 5 5
split_gain=8.28143 1.53793 1.04704 0.665336 0.227091 0.165804 0.0492548 0.0225106 0.00887573 0.00389184 4.02598e-05 9.60273e-07 2.18466e-07 1.97901e-07 1.26354e-08
threshold=10.720000000000001 2.2450000000000006 3.2500000000000004 1.2185907750067047 -0.98499999999999988 1.0700000000000003 1.4500000000000002 -0.22739010339089433 -1.0000000180025095e-35 2.0500000000000003 -0.21760247114798026 1.6928867868596225 3.9950000000000006 4.955000000000001 4.955000000000001
decision_type=2 2 2 2 2 2 2 2 2 2 2 2 2 2 2
left_child=1 2 3 -1 -5 -4 7 -6 -9 -8 11 14 -12 -13 -10
right_child=-2 -3 5 4 6 -7 9 8 10 -11 12 13 -14 -15 -16
leaf_value=-0.0079326811122882642 0.026110102277819132 -0.014701936926160539 0.0033779644835236914 0.0026560982453197033 -0.00072182123031881121 0.0089404825387256488 -0.00046140628110151742 -0.0029439266144226377 -0.0019607240982029753 0.00050230204244144266 -0.0019080719529566441 -0.0019713855983520098 -0.001914730149188212 -0.0019658147320151332 -0.0019590277402173908
leaf_weight=40 29 21 37 36 36 21 22 26 23 20 22 44 28 25 21
leaf_count=40 29 21 37 36 36 21 22 26 23 20 22 44 28 25 21
internal_value=0.0002642 -0.00151194 -0.000821192 -0.00187182 -0.0010717 0.00539198 -0.00157433 -0.00186773 -0.002086 -2.49756e-06 -0.00194916 -0.00196569 -0.0019118 -0.00196937 -0.00195991
internal_weight=451 422 401 343 303 58 267 225 189 42 163 113 50 69 44
internal_count=451 422 401 343 303 58 267 225 189 42 163 113 50 69 44
is_linear=0
shrinkage=0.05


Tree=75
num_leaves=13
num_cat=0
split_feature=14 4 9 3 9 14 4 14 3 14 0 14
split_gain=5.94252 0.845548 0.422101 0.110126 0.0762595 0.0202402 0.0311296 0.0218241 0.0159161 0.00314203 0.000683995 3.81255e-05
threshold=0.96048454469507105 -1.4699999999999998 0.7584843026524527 6.7500000000000009 0.36084832425942415 0.38362831858407087 -0.79499999999999993 0.31796157059314961 3.9250000000000003 0.33017355215996985 1.0000000180025095e-35 0.34435483870967748
decision_type=2 2 2 2 2 2 2 2 2 2 2 2
left_child=1 -1 4 -4 5 7 -7 -3 -6 -9 -8 -11
right_child=-2 2 3 -5 8 6 10 9 -10 11 -12 -13
leaf_value=-0.01142597588361241 0.025855104350263166 -0.0010324029413902242 0.0013957859741316903 0.0062235283310569474 0.0010353100414310272 -0.002433786414957677 -7.6483872228140103e-05 -0.0025251122050438867 -0.00073528108398684044 -0.0021175138698315914 -0.00046209328372598342 -0.0020588105012263572
leaf_weight=20 21 46 27 21 30 26 23 66 22 81 23 42
leaf_count=20 21 46 27 21 30 26 23 66 22 81 23 42
internal_value=-0.000111833 -0.0013889 -0.000895673 0.00350792 -0.00148445 -0.00178437 -0.00105091 -0.00200909 0.000286214 -0.0022468 -0.000269289 -0.00209747
internal_weight=448 427 407 48 359 307 72 235 52 189 46 123
internal_count=448 427 407 48 359 307 72 235 52 189 46 123
is_linear=0
shrinkage=0.05


Tree=76
num_leaves=12
num_cat=0
split_feature=17 13 17 4 9 3 4 17 9 17 13
split_gain=6.11354 0.794614 0.580445 0.218997 0.0716621 0.0467051 0.0412739 0.0517804 0.0208107 0.00232536 3.50023e-06
threshold=0.98362580730055971 1.2185907750067047 0.55200757954986557 -1.4449999999999996 0.36084832425942415 4.4850000000000003 -1.0149999999999999 -0.25784337439904464 0.10390241269498572 -0.21760247114798026 1.6928867868596225
decision_type=2 2 2 2 2 2 2 2 2 2 2
left_child=1 -1 3 -3 6 -6 -5 -8 9 10 -9
right_child=-2 2 -4 4 5 -7 7 8 -10 -11 -12
leaf_value=-0.0083026331529254104 0.026231697450081512 0.003627523048669987 0.0055135407625023034 -0.0039535547577543182 0.0010702949929105266 -0.0018538823404180057 -0.00013354762457311155 -0.0021480410315451166 -0.00070840101810366223 -0.0025002076676381487 -0.0021300553074596745
leaf_weight=38 21 21 34 24 36 22 40 42 24 70 76
leaf_count=38 21 21 34 24 36 22 40 42 24 70 76
internal_value=-0.000106241 -0.00140155 -0.000727408 -0.00132513 -0.00163653 -3.88757e-05 -0.00197227 -0.00178357 -0.0020949 -0.0022719 -0.00213646
internal_weight=448 427 389 355 334 58 276 252 212 188 118
internal_count=448 427 389 355 334 58 276 252 212 188 118
is_linear=0
shrinkage=0.05


Tree=77
num_leaves=14
num_cat=0
split_feature=17 4 9 17 17 18 17 9 17 6 4 14 13
split_gain=5.51747 0.775946 0.427617 1.69011 0.0812881 0.0417561 0.0558045 0.0245051 0.0242117 0.0212844 0.01948 0.00561753 0.000403773
threshold=0.98362580730055971 -1.4699999999999998 1.0019605372974507 0.55200757954986557 -0.13832722957258109 2.5000000000000004 0.19577944695444474 0.17015401023349122 -0.25784337439904464 3.1000000000000005 -0.26999999999999996 0.34435483870967748 1.6928867868596225
decision_type=2 2 2 2 2 2 2 2 2 2 2 2 2
left_child=1 -1 3 4 8 6 7 -6 -3 -7 -10 12 -12
right_child=-2 2 -4 -5 5 9 -8 -9 10 -11 11 -13 -14
leaf_value=-0.010946577024005819 0.024920112240527356 -0.00079489449891162684 -0.0078073813247361359 0.012976821422026578 0.00058136427662624373 -0.00043278298733100574 0.0027108440197826851 -0.0016613523229136178 -0.0034970779548443502 -0.0025551934438269763 -0.0021387850987862368 -0.0013814228985990799 -0.001965035022412603
leaf_weight=20 21 47 21 22 29 27 21 21 21 21 61 42 74
leaf_count=20 21 47 21 22 29 27 21 21 21 21 61 42 74
internal_value=-0.000100929 -0.00133147 -0.000858986 -0.000480964 -0.00129435 -0.00022223 0.000547872 -0.000360577 -0.00181509 -0.00136134 -0.00205726 -0.00188643 -0.00204354
internal_weight=448 427 407 386 364 119 71 50 245 48 198 177 135
internal_count=448 427 407 386 364 119 71 50 245 48 198 177 135
is_linear=0
shrinkage=0.05


Tree=78
num_leaves=17
num_cat=0
split_feature=5 16 9 16 5 4 17 4 0 14 14 13 14 5 13 5
split_gain=6.15201 2.4795 0.764663 0.534243 0.120292 0.108791 0.0617357 0.0610737 0.0310007 0.0119878 0.0135937 0.00207493 0.000117487 3.72585e-05 7.27336e-06 1.67995e-07
threshold=10.720000000000001 8.6000000000000014 -1.0000000180025095e-35 3.1000000000000005 6.1200000000000001 -1.1749999999999996 -0.13832722957258109 0.37500000000000006 1.0000000180025095e-35 0.75782013685239502 0.67605317890787509 1.902519201228879 0.33017355215996985 3.9950000000000006 1.6928867868596225 4.955000000000001
decision_type=2 2 2 2 2 2 2 2 2 2 2 2 2 2 2 2
left_child=1 2 -1 5 -5 -4 8 -6 11 10 -8 12 13 -7 -14 -16
right_child=-2 -3 3 4 7 6 9 -9 -10 -11 -12 -13 14 -15 15 -17
leaf_value=-0.010304667740128934 0.022175509607066112 -0.018817085609771314 0.0024408006668090823 0.0011318419604212976 0.0035993476147996267 -0.0015245943571682331 8.8729323553187508e-05 0.0075068310694769019 -0.0036774387711193419 0.0008993144251871855 -0.0014973719951905714 -0.0019869057942301996 -0.001588641293346882 -0.0014429744589945367 -0.0015635578103525484 -0.0015584656894207002
leaf_weight=20 29 20 20 25 20 27 35 20 20 20 22 31 39 29 46 25
leaf_count=20 29 20 20 25 20 27 35 20 20 20 22 31 39 29 46 25
internal_value=-9.58828e-05 -0.00163734 -0.000776199 -0.000273378 0.00385261 -0.00112748 -0.00137022 0.00555309 -0.00180182 -0.000153901 -0.00052345 -0.0016114 -0.00154128 -0.00148233 -0.00157129 -0.00156176
internal_weight=448 419 399 379 65 314 294 40 217 77 57 197 166 56 110 71
internal_count=448 419 399 379 65 314 294 40 217 77 57 197 166 56 110 71
is_linear=0
shrinkage=0.05


Tree=79
num_leaves=13
num_cat=0
split_feature=17 13 4 14 9 4 4 13 14 14 14 13
split_gain=5.15365 0.738702 0.48252 0.248298 0.0955049 0.0554691 0.0435966 0.0380627 0.0136809 0.00222612 0.000830524 3.01564e-05
threshold=0.98362580730055971 1.2185907750067047 1.3300000000000003 0.17500000000000002 0.36084832425942415 -1.2549999999999997 -0.79499999999999993 1.6928867868596225 0.64068504594820397 0.33017355215996985 0.34435483870967748 1.902519201228879
decision_type=2 2 2 2 2 2 2 2 2 2 2 2
left_child=1 -1 3 -3 5 -5 -7 -6 9 11 -11 -8
right_child=-2 2 -4 4 7 6 8 -9 -10 10 -12 -13
leaf_value=-0.0079342301224211344 0.024090928695208971 0.004355650148354471 0.0065620372749187741 0.00068374157084950381 0.0016302059187243382 -0.0040180002445898335 -0.0020955667321686635 -0.0007387210724678321 -0.00052957057487219579 -0.0018505732888976735 -0.0015728682102192017 -0.0020361196307931094
leaf_weight=38 21 20 22 21 30 24 64 39 20 75 42 32
leaf_count=38 21 20 22 21 30 24 64 39 20 75 42 32
internal_value=-9.10888e-05 -0.00128037 -0.000630377 -0.00106153 -0.00137376 -0.00178702 -0.00198891 0.000291247 -0.0017799 -0.0018973 -0.00175088 -0.00207575
internal_weight=448 427 389 367 347 278 257 69 233 213 117 96
internal_count=448 427 389 367 347 278 257 69 233 213 117 96
is_linear=0
shrinkage=0.05


Tree=80
num_leaves=18
num_cat=0
split_feature=5 4 14 4 17 9 13 9 17 5 4 13 5 5 13 5 5
split_gain=5.94467 1.82013 0.413368 0.21423 0.059821 0.044601 0.0139477 0.0147327 0.00820301 0.02747 0.0260569 0.000458004 0.00162293 0.000300002 8.79886e-05 4.45144e-06 1.96302e-08
threshold=11.305000000000001 1.9500000000000002 0.84793974182768761 -1.345 -0.13832722957258109 0.7938259065565979 1.2185907750067047 0.36084832425942415 -0.25784337439904464 3.9950000000000006 -0.059999999999999998 1.6928867868596225 6.9900000000000011 4.955000000000001 1.5066423433214307 3.9950000000000006 3.9950000000000006
decision_type=2 2 2 2 2 2 2 2 2 2 2 2 2 2 2 2 2
left_child=1 2 3 -1 8 -4 -6 -8 9 -5 -10 12 14 16 -12 -16 -13
right_child=-2 -3 5 4 6 -7 7 -9 10 -11 11 13 -14 -15 15 -17 -18
leaf_value=0.0041691153931121029 0.024657550436677413 -0.015642822096124293 0.0027955340826883914 0.00043119341135025027 0.00085788077121833344 0.0060579605737819467 -0.0012120338973252202 0.00026565809966996314 -0.003308622790500522 -0.001969417496226155 -0.0014400586293175305 -0.0013897545605657561 -0.0018787670694291594 -0.0011912786091367404 -0.0013450962406667795 -0.0013139588641934098 -0.0013917637523263695
leaf_weight=21 24 20 20 22 32 22 31 37 20 26 29 31 20 30 22 24 20
leaf_count=21 24 20 20 22 32 22 31 37 20 26 29 31 20 30 22 24 20
internal_value=0.000444256 -0.000916679 -0.000193036 -0.000733565 -0.00103286 0.00450442 -2.91516e-06 -0.000407996 -0.00145496 -0.000869137 -0.00159843 -0.00140409 -0.00147857 -0.00131674 -0.00137185 -0.00132885 -0.00139054
internal_weight=451 427 407 365 344 42 100 68 244 48 196 176 95 81 75 46 51
internal_count=451 427 407 365 344 42 100 68 244 48 196 176 95 81 75 46 51
is_linear=0
shrinkage=0.05


Tree=81
num_leaves=15
num_cat=0
split_feature=14 17 13 2 17 4 9 9 2 2 4 14 13 13
split_gain=4.7609 0.342008 0.173089 0.06742 0.0459266 0.0361924 0.0219164 0.0209576 0.0205747 0.0308363 0.0184357 0.00223802 0.00048816 4.24549e-06
threshold=0.96048454469507105 0.57410322477486819 1.2185907750067047 6.5000000000000009 0.25097904726184539 -1.0449999999999997 0.30596400190298317 0.27937708102108771 5.5000000000000009 2.5000000000000004 -0.57499999999999984 0.34435483870967748 1.902519201228879 1.6928867868596225
decision_type=2 2 2 2 2 2 2 2 2 2 2 2 2 2
left_child=1 2 -1 7 5 -5 -7 8 9 -4 -10 12 13 -12
right_child=-2 -3 3 4 -6 6 -8 -9 10 -11 11 -13 -14 -15
leaf_value=0.0020983082058496382 0.024269934594631198 0.0039808961808578012 -0.0012895494815893473 0.00089169993065297604 0.001884622382640373 -0.0028382121546504397 -0.00057998361192982306 -0.0033094282325526535 -0.00027855356672295818 -0.0040022368331185795 -0.0017254210005585966 -0.0012909642672316443 -0.0019456788564899139 -0.0017066720575611627
leaf_weight=38 20 36 20 20 20 21 22 22 27 22 52 31 28 72
leaf_count=38 20 36 20 20 20 21 22 22 27 22 52 31 28 72
internal_value=0.000422043 -0.000684588 -0.0011098 -0.00145128 -0.000202839 -0.000865525 -0.00168284 -0.00182945 -0.00170025 -0.00271048 -0.0014982 -0.00167815 -0.00175711 -0.00171453
internal_weight=451 431 395 357 83 63 43 274 252 42 210 183 152 124
internal_count=451 431 395 357 83 63 43 274 252 42 210 183 152 124
is_linear=0
shrinkage=0.05


Tree=82
num_leaves=16
num_cat=0
split_feature=5 4 5 0 17 4 17 18 5 17 17 17 5 5 5
split_gain=5.25423 1.85988 0.309569 0.250762 0.0987552 0.0922276 0.0368184 0.00778471 0.00733163 0.0220763 0.0118902 0.00155527 0.00112768 0.000932421 0.000105754
threshold=11.305000000000001 1.9500000000000002 6.0100000000000007 1.0000000180025095e-35 0.4111244002172259 -1.1749999999999996 -0.13832722957258109 1.5000000000000002 3.8400000000000003 -0.25784337439904464 -0.22739010339089433 -0.21760247114798026 2.9900000000000007 2.2200000000000002 4.0050000000000008
decision_type=2 2 2 2 2 2 2 2 2 2 2 2 2 2 2
left_child=1 2 6 -4 5 -5 8 12 10 -10 -1 14 -8 -12 -11
right_child=-2 -3 3 4 -6 -7 7 -9 9 11 13 -13 -14 -15 -16
leaf_value=-0.0027203761129861791 0.023164730301747719 -0.015764601300470533 -0.0015488625250079414 0.0052086583012714988 0.0064017834587265622 0.00095235312091452749 4.9664773978292939e-05 -0.00063514575039765704 0.00020643283362285449 -0.001218433154281229 -0.0011988078489115364 -0.001739143691956997 0.00054905552860873286 -0.0015565019074295248 -0.0013524984377191254
leaf_weight=21 24 20 33 20 23 35 20 38 26 24 38 30 26 35 38
leaf_count=21 24 20 33 20 23 35 20 38 26 24 38 30 26 35 38
internal_value=0.000400941 -0.000878523 -0.00014702 0.00210481 0.0036506 0.0025001 -0.000991457 -0.000105557 -0.00134247 -0.00108004 -0.00167192 -0.0014436 0.000331929 -0.00137031 -0.0013006
internal_weight=451 427 407 111 78 55 296 84 212 118 94 92 46 73 62
internal_count=451 427 407 111 78 55 296 84 212 118 94 92 46 73 62
is_linear=0
shrinkage=0.05


Tree=83
num_leaves=14
num_cat=0
split_feature=14 17 13 2 17 3 4 4 14 8 13 13 13
split_gain=4.38223 0.311463 0.153447 0.0501912 0.044621 0.042011 0.0509021 0.027095 0.0291685 0.013153 0.00210872 0.000785607 1.12245e-05
threshold=0.96048454469507105 0.57410322477486819 1.2185907750067047 6.5000000000000009 0.25097904726184539 2.1500000000000008 -0.57499999999999984 -1.0849999999999997 0.68542323550812523 1.0000000180025095e-35 1.5066423433214307 1.6928867868596225 1.902519201228879
decision_type=2 2 2 2 2 2 2 2 2 2 2 2 2
left_child=1 2 -1 7 5 6 -5 -4 9 10 -9 -12 -13
right_child=-2 -3 3 4 -6 -7 -8 8 -10 -11 11 12 -14
leaf_value=0.0019340034280168384 0.023260728549212219 0.0037714617294518069 -0.0034602091270720678 0.0016695110464102722 0.0017266369832032069 -0.0028101184893222081 -0.0018118040487197938 -0.0011873820960959969 -0.003249523365229834 -0.0003098779047528903 -0.0017661810331677987 -0.0015307275997474791 -0.0015657658863347025
leaf_weight=38 20 36 21 21 20 21 21 34 24 24 59 80 32
leaf_count=38 20 36 21 21 20 21 21 34 24 24 59 80 32
internal_value=0.000380894 -0.000680816 -0.00108659 -0.00140811 -0.000330939 -0.000984137 -7.11465e-05 -0.00173441 -0.00159116 -0.00141736 -0.00154702 -0.00161852 -0.00154074
internal_weight=451 431 395 357 83 63 42 274 253 229 205 171 112
internal_count=451 431 395 357 83 63 42 274 253 229 205 171 112
is_linear=0
shrinkage=0.05


Tree=84
num_leaves=12
num_cat=0
split_feature=14 17 2 18 9 17 2 9 17 17 18
split_gain=3.95496 0.281096 0.0858918 0.044357 0.0269568 0.0422722 0.0215348 0.011754 0.00824221 0.00275253 0.000510575
threshold=0.96048454469507105 0.57410322477486819 6.5000000000000009 1.5000000000000002 0.27937708102108771 -0.13832722957258109 5.5000000000000009 0.36084832425942415 -0.22694064964358676 -0.28170473793106393 2.5000000000000004
decision_type=2 2 2 2 2 2 2 2 2 2 2
left_child=1 2 4 -4 5 6 -1 -5 9 -8 -10
right_child=-2 -3 3 7 -6 -7 8 -9 10 -11 -12
leaf_value=-0.002622274446766824 0.022097691497765484 0.0035828886501904997 0.0020550059544173285 -0.0010112572808533774 -0.0031240235834213148 0.00015633439456689218 -0.0011888430246876347 0.00032570697160648005 -0.0016889527986018824 -0.00054036360544462995 -0.0014914009657998881
leaf_weight=40 20 36 26 35 22 42 36 31 58 30 75
leaf_count=40 20 36 26 35 22 42 36 31 58 30 75
internal_value=0.000361849 -0.000646775 -0.00103226 0.000305794 -0.00143854 -0.00130658 -0.00156366 -0.000383289 -0.00135087 -0.00089408 -0.00157755
internal_weight=451 431 395 92 303 281 239 66 199 66 133
internal_count=451 431 395 92 303 281 239 66 199 66 133
is_linear=0
shrinkage=0.05


Tree=85
num_leaves=12
num_cat=0
split_feature=4 4 3 17 14 13 4 0 14 13 13
split_gain=3.05884 1.87305 0.21401 0.0933367 0.0588092 0.0404101 0.0244378 0.0274575 0.0109113 2.32263e-05 1.18215e-06
threshold=2.2450000000000006 -1.6449999999999998 6.1500000000000012 0.15775257956212013 0.84793974182768761 1.5066423433214307 -0.84499999999999986 1.0000000180025095e-35 0.38362831858407087 1.6928867868596225 1.902519201228879
decision_type=2 2 2 2 2 2 2 2 2 2 2
left_child=1 -1 3 5 -5 8 -7 9 -3 -8 -11
right_child=-2 2 -4 4 -6 6 7 -9 -10 10 -12
leaf_value=-0.01658035579137504 0.018367691691964866 -0.00055226370611268546 -0.005805279383258451 3.3435120825455863e-05 0.0033304230681443143 -0.0025663248030468825 -0.0013607525571503424 0.00011093437757441088 0.00058459647817728233 -0.0014043750864378103 -0.0013923132792115211
leaf_weight=20 20 46 21 38 21 33 55 38 39 74 28
leaf_count=20 20 46 21 38 21 33 55 38 39 74 28
internal_value=-0.00072929 -0.00165408 -0.000894477 -0.000617254 0.00120694 -0.000961112 -0.001308 -0.00109505 -3.06455e-05 -0.00138694 -0.00140106
internal_weight=433 413 393 372 59 313 228 195 85 157 102
internal_count=433 413 393 372 59 313 228 195 85 157 102
is_linear=0
shrinkage=0.05


Tree=86
num_leaves=17
num_cat=0
split_feature=4 4 5 3 14 5 4 17 9 5 5 5 18 5 5 17
split_gain=2.76061 1.69043 1.56002 0.242983 0.0564354 0.0190861 0.0155851 0.0105835 0.00974009 0.0021882 0.00189221 0.00114152 0.00308738 0.00032665 0.000427649 0.000203521
threshold=2.2450000000000006 -1.6449999999999998 9.8800000000000008 5.1450000000000005 0.75782013685239502 6.1200000000000001 -0.98499999999999988 -0.13832722957258109 0.27054809265478347 1.2050000000000003 6.9900000000000011 2.2200000000000002 1.5000000000000002 5.0150000000000015 3.9950000000000006 -0.22694064964358676
decision_type=2 2 2 2 2 2 2 2 2 2 2 2 2 2 2 2
left_child=1 -1 3 4 6 -6 -3 9 -9 -8 11 -11 -13 14 -14 -16
right_child=-2 2 -4 -5 5 -7 7 8 -10 10 -12 12 13 -15 15 -17
leaf_value=-0.015751338768750428 0.017449307199567558 0.00042836549370710194 -0.013786169617775491 0.0046777143068611627 7.366309531789739e-05 0.0021459505595266821 -0.00047623968372742341 0.00021548891641248789 -0.0011251370501122438 -0.0013780069071799518 -0.00064263265290907747 -0.00060206510295922116 -0.0012822798825800419 -0.0013299639823592523 -0.0011391109515291951 -0.00094227361621270931
leaf_weight=20 20 29 22 25 20 25 21 42 20 27 29 33 25 22 24 29
leaf_count=20 20 29 22 25 20 25 21 42 20 27 29 33 25 22 24 29
internal_value=-0.000692826 -0.00157138 -0.000849753 -8.26341e-05 -0.00042659 0.00122493 -0.000673495 -0.000790973 -0.000216971 -0.000960441 -0.00101424 -0.00108159 -0.00102142 -0.00115981 -0.00111182 -0.00103141
internal_weight=433 413 393 371 346 45 301 272 62 210 189 160 133 100 78 53
internal_count=433 413 393 371 346 45 301 272 62 210 189 160 133 100 78 53
is_linear=0
shrinkage=0.05


Tree=87
num_leaves=18
num_cat=0
split_feature=17 13 5 14 17 5 13 5 5 13 14 5 5 13 14 5 5
split_gain=1.55107 3.48017 1.21916 0.881598 0.0842905 0.0481328 0.0142209 0.0113866 0.00470867 0.001345 0.000723818 0.000186508 0.00047247 0.000650211 0.000228029 5.65949e-05 4.64028e-06
threshold=0.6312689248576725 1.6928867868596225 10.900000000000002 0.17500000000000002 -0.19974228746453723 6.1200000000000001 1.6928867868596225 8.0400000000000009 6.5250000000000012 1.2185907750067047 0.31796157059314961 4.955000000000001 3.2050000000000005 1.6928867868596225 0.33017355215996985 2.9900000000000007 5.9500000000000002
decision_type=2 2 2 2 2 2 2 2 2 2 2 2 2 2 2 2 2
left_child=2 -2 3 -1 8 6 9 -7 10 -6 -5 12 14 -14 -12 -16 -13
right_child=1 -3 -4 4 5 7 -8 -9 -10 -11 11 16 13 -15 15 -17 -18
leaf_value=-0.010861916134932212 -0.0056211692375308349 0.023522051153195209 -0.0125448114083459 -0.0012870854348875584 0.0005630754897820539 0.0012184854391414455 -0.0011145177679136396 0.0026783450580710037 -0.00040468438948866809 5.1074810787964537e-05 -0.00081825440790018317 -0.00089005259214900443 -0.0013651395239867271 -0.00096678980404422401 -0.0010641708582018814 -0.00095314589244398218 -0.00092266237363219277
leaf_weight=21 21 20 24 24 29 34 25 22 36 23 23 24 20 21 24 22 20
leaf_count=21 21 20 24 24 29 34 25 22 36 23 23 24 20 21 24 22 20
internal_value=-0.000658185 0.00859504 -0.001626 -0.000913899 -0.000311858 0.00067664 -0.000134533 0.001792 -0.000926204 0.000336614 -0.00103168 -0.000991877 -0.00102668 -0.00116111 -0.000946799 -0.00101107 -0.000904875
internal_weight=433 41 392 368 347 133 77 56 214 52 178 154 110 41 69 46 44
internal_count=433 41 392 368 347 133 77 56 214 52 178 154 110 41 69 46 44
is_linear=0
shrinkage=0.05


Tree=88
num_leaves=15
num_cat=0
split_feature=4 4 5 3 5 0 13 4 4 4 17 13 5 13
split_gain=2.32347 1.4289 1.3454 0.195543 0.0380569 0.0386957 0.0243592 0.0159673 0.0194054 0.00869076 0.0043335 0.00389044 0.000412229 0.000364761
threshold=2.2450000000000006 -1.6449999999999998 9.8800000000000008 5.1450000000000005 6.1200000000000001 1.0000000180025095e-35 1.5066423433214307 -0.72499999999999987 -0.024999999999999998 -0.59999999999999987 -0.13832722957258109 1.902519201228879 2.0500000000000003 1.6928867868596225
decision_type=2 2 2 2 2 2 2 2 2 2 2 2 2 2
left_child=1 -1 3 4 6 -6 10 -8 -9 -7 -3 12 -10 -14
right_child=-2 2 -4 -5 5 9 7 8 11 -11 -12 -13 13 -15
leaf_value=-0.014468240489950405 0.016018613977357748 -0.00028827059401297258 -0.012781485317232597 0.0042150176092982296 -0.00076251041776101511 0.00091789165245635164 -0.0021680788886125966 0.0005224737637327053 -0.0010146493140351157 0.0023563727381683535 0.00044456429818109065 -0.0014819408797906832 -0.00066600904119144561 -0.00087700791363776837
leaf_weight=20 20 38 22 25 28 21 23 25 29 21 43 31 33 54
leaf_count=20 20 38 22 25 28 21 23 25 29 21 43 31 33 54
internal_value=-0.000625275 -0.00143127 -0.000767816 -5.54151e-05 -0.000363972 0.000677275 -0.000628057 -0.000930798 -0.000765348 0.00163713 0.000100765 -0.000984365 -0.000851393 -0.000796974
internal_weight=433 413 393 371 346 70 276 195 172 42 81 147 116 87
internal_count=433 413 393 371 346 70 276 195 172 42 81 147 116 87
is_linear=0
shrinkage=0.05


Tree=89
num_leaves=16
num_cat=0
split_feature=4 4 5 10 14 4 5 17 9 5 5 18 5 5 14
split_gain=2.09693 1.28958 1.21423 0.176477 0.0413272 0.0176138 0.0141188 0.00648242 0.0086457 0.00210037 0.00131705 0.00235563 0.000897142 0.000491373 0.000428886
threshold=2.2450000000000006 -1.6449999999999998 9.8800000000000008 5.1450000000000005 0.75782013685239502 -0.98499999999999988 6.1200000000000001 -0.13832722957258109 0.27054809265478347 1.2050000000000003 2.2200000000000002 1.5000000000000002 5.9500000000000002 4.955000000000001 0.34435483870967748
decision_type=2 2 2 2 2 2 2 2 2 2 2 2 2 2 2
left_child=1 -1 3 4 5 -3 -6 9 -9 -7 -11 13 14 -12 -13
right_child=-2 2 -4 -5 6 7 -8 8 -10 10 11 12 -14 -15 -16
leaf_value=-0.013744828724302353 0.015217682728543878 0.00061432109134079054 -0.012142411215146157 0.004004266611300409 7.7314598165685317e-05 -0.00034019661446412408 0.0018596535790711645 0.00017471894257358231 -0.0010883477417519317 -0.0011905973121799805 -0.00032322703905048825 -0.00094739209223342568 -0.00072757940016392815 -0.00066136117093265059 -0.0011993573280051351
leaf_weight=20 20 29 22 25 20 21 25 42 20 27 21 57 38 22 24
leaf_count=20 20 29 22 25 20 21 25 42 20 27 21 57 38 22 24
internal_value=-0.000594012 -0.00135971 -0.000729425 -5.26444e-05 -0.000345774 -0.000557061 0.0010675 -0.000681951 -0.000232722 -0.000814581 -0.00086729 -0.000813405 -0.000928016 -0.000496226 -0.00102205
internal_weight=433 413 393 371 346 301 45 272 62 210 189 162 119 43 81
internal_count=433 413 393 371 346 301 45 272 62 210 189 162 119 43 81
is_linear=0
shrinkage=0.05


Tree=90
num_leaves=18
num_cat=0
split_feature=4 5 17 5 5 0 14 0 5 5 17 14 14 0 5 5 14
split_gain=4.1923 0.97403 0.38235 0.412598 0.825646 0.159016 0.0909852 0.198742 0.0482116 0.0161525 0.0150797 0.00402514 0.00394169 0.00711185 0.000119242 0.000230518 0.000190297
threshold=2.3200000000000003 10.900000000000002 0.77169005879460983 6.1200000000000001 5.9500000000000002 1.0000000180025095e-35 0.31796157059314961 1.0000000180025095e-35 8.6300000000000008 7.035000000000001 -0.13832722957258109 0.34435483870967748 0.72573508421353139 1.0000000180025095e-35 2.2200000000000002 4.955000000000001 0.33017355215996985
decision_type=2 2 2 2 2 2 2 2 2 2 2 2 2 2 2 2 2
left_child=1 2 3 4 6 -5 7 -1 9 -7 11 14 13 -12 -8 16 -16
right_child=-2 -3 -4 5 -6 8 10 -9 -10 -11 12 -13 -14 -15 15 -17 -18
leaf_value=-0.0011222845695626278 0.022285800985991956 -0.010150717618775422 -0.0069107201535106551 -0.00057887714097483293 -0.0097744955420494082 0.0039475360737097542 -0.00073606294483460238 0.005507385589298793 0.0021775830192491412 0.0058425886111091018 0.00035262986396749816 -0.0014177959591436845 0.00051509090350009511 -0.00089550237520597876 -0.0010243948718363588 -0.00071939766322347254 -0.00083211599548737843
leaf_weight=26 20 28 22 27 25 22 29 20 25 23 21 39 20 25 22 22 31
leaf_count=26 20 28 22 27 25 22 29 20 25 23 21 39 20 25 22 22 31
internal_value=-8.80944e-05 -0.00113605 -0.000503444 -0.000129544 -0.00110312 0.00268078 -0.000252985 0.00176018 0.00393807 0.00491612 -0.000696074 -0.000984608 -7.09169e-05 -0.000325703 -0.000822162 -0.000855454 -0.00091193
internal_weight=447 427 399 377 280 97 255 46 70 45 209 143 66 46 104 75 53
internal_count=447 427 399 377 280 97 255 46 70 45 209 143 66 46 104 75 53
is_linear=0
shrinkage=0.05


Tree=91
num_leaves=14
num_cat=0
split_feature=4 17 3 4 9 3 13 17 4 3 3 13 17
split_gain=3.78355 0.910276 0.478446 0.298421 0.108441 0.030878 0.0305959 0.01148 0.031567 0.00813333 0.00498356 0.00172056 0.000521173
threshold=2.3200000000000003 -0.29886153460104409 6.4500000000000011 -1.3949999999999998 0.36084832425942415 4.2600000000000007 1.2185907750067047 -0.22739010339089433 -0.79499999999999993 0.25000000000000006 2.8500000000000001 1.5066423433214307 -0.21760247114798026
decision_type=2 2 2 2 2 2 2 2 2 2 2 2 2
left_child=1 -1 3 -3 6 10 -5 -8 -9 11 -6 -10 -13
right_child=-2 2 -4 4 5 -7 7 8 9 -11 -12 12 -14
leaf_value=-0.010984349534158935 0.021171510051935911 0.0053306450703530578 -0.0067292426600409991 0.00071649929658243699 -1.423906214768067e-05 0.002780109434017504 -0.00023333493452996781 -0.0028755381014586119 -0.00080374521051493038 -2.4333166315738622e-05 0.0010885873160857175 -0.0010640069447916502 -0.0012660127196109808
leaf_weight=22 20 24 29 28 20 25 39 24 46 21 21 67 61
leaf_count=22 20 24 29 28 20 25 39 24 46 21 21 67 61
internal_value=-8.36896e-05 -0.00107925 -0.000541195 -6.39249e-05 -0.000431736 0.00139513 -0.00085332 -0.00102369 -0.00116444 -0.000953839 0.000550623 -0.00106602 -0.00116028
internal_weight=447 427 405 376 352 66 286 258 219 195 41 174 128
internal_count=447 427 405 376 352 66 286 258 219 195 41 174 128
is_linear=0
shrinkage=0.05


Tree=92
num_leaves=16
num_cat=0
split_feature=5 14 14 13 3 5 3 17 14 0 17 13 13 5 13
split_gain=3.35206 6.51402 5.21936 0.682342 0.636486 0.198164 0.115121 0.039284 0.0159111 0.010822 0.0106089 0.00150236 0.000245885 0.000182722 4.35883e-05
threshold=10.145000000000001 0.77167919799498763 0.94726085124315229 1.2185907750067047 -1.0000000180025095e-35 6.1200000000000001 1.0000000180025095e-35 0.4111244002172259 0.74231485794131358 1.0000000180025095e-35 -0.13832722957258109 1.902519201228879 1.5066423433214307 4.955000000000001 1.6928867868596225
decision_type=2 2 2 2 2 2 2 2 2 2 2 2 2 2 2
left_child=2 -2 3 -1 -5 8 -7 -8 9 11 -11 12 -6 14 -14
right_child=1 -3 -4 4 5 6 7 -9 -10 10 -12 -13 13 -15 -16
leaf_value=-0.0068222967062943748 -0.0059037610711086368 0.03396765697456431 -0.026360889645293359 0.0087325614284385327 -0.00073081114977547853 -0.00041737264255061748 0.002442636307872211 0.0053034347889479253 0.00032468199346875475 -0.0023474778069860558 -0.00091182073635698009 -0.0010218438991744603 -0.00057873520435708945 -0.00047155027407695476 -0.0006559360056842973
leaf_weight=35 21 20 20 22 37 28 30 20 31 22 31 28 33 28 41
leaf_count=35 21 20 20 22 37 28 30 20 31 22 31 28 33 28 41
internal_value=-7.95052e-05 0.0135457 -0.00145545 -0.000165013 0.000498818 -5.17664e-05 0.0021495 0.00358696 -0.000735827 -0.000885262 -0.00150775 -0.000687705 -0.000620396 -0.000580344 -0.000621509
internal_weight=447 41 406 386 351 329 78 50 251 220 53 167 139 102 74
internal_count=447 41 406 386 351 329 78 50 251 220 53 167 139 102 74
is_linear=0
shrinkage=0.05


Tree=93
num_leaves=16
num_cat=0
split_feature=5 14 14 13 6 5 6 0 14 0 14 13 13 5 13
split_gain=3.02524 5.8789 4.71047 0.615814 0.574428 0.178878 0.0985 0.0342858 0.0110344 0.0102254 0.0104611 0.00135588 0.000221912 0.000164907 3.93384e-05
threshold=10.145000000000001 0.77167919799498763 0.94726085124315229 1.2185907750067047 -1.0000000180025095e-35 6.0100000000000007 4.2600000000000007 1.0000000180025095e-35 0.74231485794131358 1.0000000180025095e-35 0.64068504594820397 1.902519201228879 1.5066423433214307 4.955000000000001 1.6928867868596225
decision_type=2 2 2 2 2 2 2 2 2 2 2 2 2 2 2
left_child=2 -2 3 -1 -5 8 7 -7 9 11 -11 12 -6 14 -14
right_child=1 -3 -4 4 5 6 -8 -9 -10 10 -12 -13 13 -15 -16
leaf_value=-0.0064811820550156503 -0.0056085729699892305 0.0322692748013651 -0.025042845360003414 0.0082959333881841638 -0.0006942706053598306 -0.00054435921170247295 0.0045083196651271116 0.0019176918686547827 0.00022732309794432862 -0.0021932389428839087 -0.00077382990253951271 -0.00097075168242944136 -0.00054979845317024178 -0.00044797277078032497 -0.00062313921545155166
leaf_weight=35 21 20 20 22 37 26 26 31 27 25 27 28 33 28 41
leaf_count=35 21 20 20 22 37 26 26 31 27 25 27 28 33 28 41
internal_value=-7.55299e-05 0.0128684 -0.00138268 -0.000156763 0.000473877 -4.91781e-05 0.00195797 0.000794651 -0.000726386 -0.000843967 -0.00145624 -0.000653319 -0.000589376 -0.000551326 -0.000590433
internal_weight=447 41 406 386 351 329 83 57 246 219 52 167 139 102 74
internal_count=447 41 406 386 351 329 83 57 246 219 52 167 139 102 74
is_linear=0
shrinkage=0.05


Tree=94
num_leaves=16
num_cat=0
split_feature=4 5 13 14 4 5 14 5 4 13 5 14 13 5 13
split_gain=3.73958 1.09776 0.735146 0.609532 0.059648 0.0595582 0.116061 0.0616139 0.00785713 0.002682 0.00111073 0.00145833 0.000279892 0.000100459 4.43881e-05
threshold=2.3200000000000003 11.305000000000001 1.2185907750067047 0.06304799967374905 -1.0449999999999997 8.7550000000000008 0.76638391582725018 6.1200000000000001 -0.50499999999999989 1.902519201228879 4.6250000000000009 0.34435483870967748 1.5066423433214307 5.4450000000000012 1.6928867868596225
decision_type=2 2 2 2 2 2 2 2 2 2 2 2 2 2 2
left_child=1 2 -1 -4 -5 6 8 -8 -6 10 11 14 -12 -14 -10
right_child=-2 -3 3 4 5 -7 7 -9 9 -11 12 -13 13 -15 -16
leaf_value=-0.0069964948635643873 0.02105957367923111 -0.011938920888562942 0.0081044585656617658 0.0022149767959490419 -0.0016060972873528955 -0.0029277576513224001 0.00012663413212506166 0.0034149142560116683 -0.00052408186851867617 -0.0010451419935681118 -0.00056795680050171265 -0.00096294365436981686 -0.00043178820272996319 -0.00028053084287144568 -0.00060032309432114881
leaf_weight=39 20 22 23 22 25 23 29 28 35 39 23 33 21 23 42
leaf_count=39 20 22 23 22 25 23 29 28 35 39 23 33 21 23 42
internal_value=-7.17535e-05 -0.00106151 -0.00047064 0.000224738 -0.000303639 -0.000476255 -0.000287045 0.00174193 -0.000766927 -0.0006698 -0.000587098 -0.000684851 -0.000426608 -0.000352722 -0.000565668
internal_weight=447 427 405 366 343 321 298 57 241 216 177 110 67 44 77
internal_count=447 427 405 366 343 321 298 57 241 216 177 110 67 44 77
is_linear=0
shrinkage=0.05


Tree=95
num_leaves=14
num_cat=0
split_feature=4 4 3 13 9 3 4 13 3 4 2 13 13
split_gain=0.381951 0.314454 0.198816 0.0605064 0.0365907 0.0315132 0.00791364 0.00629649 0.0137593 0.00175704 0.000953781 3.66643e-05 1.08445e-07
threshold=-1.6449999999999998 1.7750000000000001 6.2500000000000009 1.2185907750067047 0.44530296580105017 4.2600000000000007 -0.98499999999999988 1.902519201228879 1.4500000000000002 -0.30499999999999994 5.5000000000000009 1.5066423433214307 1.6928867868596225
decision_type=2 2 2 2 2 2 2 2 2 2 2 2 2
left_child=-1 2 3 -2 6 -6 -5 8 9 -8 -11 -12 -13
right_child=1 -3 -4 4 5 -7 7 -9 -10 10 11 12 -14
leaf_value=-0.007118396859150381 0.001787064106178445 0.0051731498924911853 -0.005024166628242132 0.00020898021912823121 -0.00026052681556999838 0.0023916808805162356 -0.0010916722788048598 -0.001252524631500647 0.00055622948424570494 -0.00031900831132328938 -0.00063432733980281399 -0.00069195003112933293 -0.00069511562356755388
leaf_weight=20 37 27 22 30 24 21 24 37 25 21 34 48 62
leaf_count=20 37 27 22 30 24 21 24 37 25 21 34 48 62
internal_value=-0.000370546 -4.29807e-05 -0.000408787 -0.000129067 -0.000346542 0.00097717 -0.000558525 -0.000650258 -0.000546128 -0.000691943 -0.0006338 -0.000679708 -0.000693734
internal_weight=432 412 385 363 326 45 281 251 214 189 165 144 110
internal_count=432 412 385 363 326 45 281 251 214 189 165 144 110
is_linear=0
shrinkage=0.05


Tree=96
num_leaves=15
num_cat=0
split_feature=5 17 5 4 8 14 3 18 14 18 14 14 5 5
split_gain=0.930507 2.88862 0.370814 0.80162 0.169272 0.0758855 0.0825467 0.0231185 0.0182988 0.006855 0.00912989 0.00585927 0.00692699 0.00234516
threshold=9.7350000000000012 0.90889318331032398 6.1200000000000001 -0.90499999999999992 1.0000000180025095e-35 0.70233918128654982 4.0500000000000007 1.5000000000000002 0.38362831858407087 2.5000000000000004 0.69472740992265625 0.34435483870967748 3.2050000000000005 3.2050000000000005
decision_type=2 2 2 2 2 2 2 2 2 2 2 2 2 2
left_child=1 2 3 -1 -4 -6 -7 8 13 -9 11 12 -11 -5
right_child=-2 -3 4 7 5 6 -8 9 -10 10 -12 -13 -14 -15
leaf_value=-0.0097579520200573224 0.0072300117116773852 -0.019576945012959188 -0.00049084112324635496 0.00013830830424052217 0.0065042883111163978 0.00066756332045137565 0.0047796979125660777 -0.001156865295747088 0.0012136839467140298 0.00032419691000271729 0.00052604693168098536 -0.0010685472447412873 -0.00072909684244518147 -0.00056823046046095742
leaf_weight=24 37 20 32 23 20 23 26 36 42 27 23 38 37 24
leaf_count=24 37 20 32 23 20 23 26 36 42 27 23 38 37 24
internal_value=-0.000352019 -0.00106223 -7.47833e-05 -0.00102937 0.0025149 0.00390887 0.00284951 -0.000191431 0.000455262 -0.00054892 -0.000373832 -0.000576746 -0.000284739 -0.000222477
internal_weight=432 395 375 274 101 69 49 250 89 161 125 102 64 47
internal_count=432 395 375 274 101 69 49 250 89 161 125 102 64 47
is_linear=0
shrinkage=0.05


Tree=97
num_leaves=17
num_cat=0
split_feature=5 4 5 4 4 4 13 9 9 3 5 13 0 13 5 13
split_gain=0.848122 2.12944 0.383178 0.713207 0.326778 0.168535 0.0355019 0.0208238 0.0091964 0.00825566 0.00404588 0.00291762 0.00450564 0.000712715 0.000342303 2.80826e-05
threshold=11.305000000000001 1.905 6.1200000000000001 -0.90499999999999992 -1.3949999999999998 0.31500000000000006 1.2185907750067047 0.35223214285714294 0.78510417833538715 1.4500000000000002 7.9850000000000003 1.5066423433214307 1.0000000180025095e-35 1.902519201228879 4.955000000000001 1.6928867868596225
decision_type=2 2 2 2 2 2 2 2 2 2 2 2 2 2 2 2
left_child=1 2 3 -1 -4 7 -5 10 9 11 -6 -8 13 14 15 -13
right_child=-2 -3 4 6 5 -7 8 -9 -10 -11 -12 12 -14 -15 -16 -17
leaf_value=-0.0092700542688059322 0.0092295457884161314 -0.016759741064161063 0.0082202745846007026 0.0013636419580628474 -0.00096562838640508106 0.0049990651101159697 -0.00089135625753052809 0.0013578575916471892 -0.0014913933514617385 0.00052436443233012183 -7.3404486003407024e-05 -0.00045792327728122473 0.00031406843510922044 -0.00073299513198435309 -0.00029650408713120758 -0.00052288276847542784
leaf_weight=24 22 20 20 30 27 22 35 20 20 23 24 28 20 25 31 41
leaf_count=24 22 20 20 30 27 22 35 20 20 23 24 28 20 25 31 41
internal_value=-0.000334418 -0.000847606 -3.15994e-05 -0.00103261 0.0024222 0.0011753 -0.000251189 -9.52848e-06 -0.000468431 -0.000367647 -0.000545758 -0.000481626 -0.000382725 -0.000494212 -0.000434517 -0.000496522
internal_weight=432 410 390 277 113 93 253 71 223 203 51 180 145 125 100 69
internal_count=432 410 390 277 113 93 253 71 223 203 51 180 145 125 100 69
is_linear=0
shrinkage=0.05


Tree=98
num_leaves=16
num_cat=0
split_feature=5 14 5 5 8 9 9 13 5 14 5 2 13 14 14
split_gain=0.76543 1.85539 0.311071 0.652069 0.126229 0.182406 0.0780531 0.0267227 0.0193098 0.0521396 0.0127715 0.010028 0.00746325 0.00560231 0.000712392
threshold=11.305000000000001 0.93686280598250804 6.1200000000000001 5.9500000000000002 1.0000000180025095e-35 0.15205270273109983 0.61630817591757159 1.2185907750067047 3.8400000000000003 0.31796157059314961 2.5750000000000006 6.5000000000000009 1.6928867868596225 0.33017355215996985 0.34435483870967748
decision_type=2 2 2 2 2 2 2 2 2 2 2 2 2 2 2
left_child=1 2 3 7 -4 -6 -7 -1 10 -10 13 12 14 -9 -11
right_child=-2 -3 4 -5 5 6 -8 8 9 11 -12 -13 -14 -15 -16
leaf_value=0.0012847781149220878 0.0087680684772997418 -0.015658201100304723 -0.00039702940158542444 -0.0083189292106706277 0.0074095212481915945 0.00049025443857661575 0.0043067842267364978 0.00017741239056564295 0.0022872345749585131 -0.00046737630341556809 -0.0015062771227581666 0.00038646652906512225 -0.0012587266190993516 -0.0008605508317347043 -6.0237297756512737e-05
leaf_weight=29 22 20 33 27 20 37 21 26 22 21 43 30 33 26 22
leaf_count=29 22 20 33 27 20 37 21 26 22 21 43 30 33 26 22
internal_value=-0.000317697 -0.000805226 -4.3535e-05 -0.000934226 0.00219523 0.00329195 0.0018721 -0.000143008 -0.000328684 7.21489e-05 -0.000868753 -0.000387586 -0.000693133 -0.000341569 -0.000259073
internal_weight=432 410 390 279 111 78 58 252 223 128 95 106 76 52 43
internal_count=432 410 390 279 111 78 58 252 223 128 95 106 76 52 43
is_linear=0
shrinkage=0.05


Tree=99
num_leaves=16
num_cat=0
split_feature=17 5 17 4 3 17 18 9 5 17 5 17 5 5 17
split_gain=0.771206 0.981436 2.02743 0.203665 0.14723 0.0345789 0.0186323 0.0108853 0.00759227 0.00917345 0.00478384 0.0042094 0.00236817 0.00143273 0.000366163
threshold=-0.29886153460104409 11.305000000000001 0.90889318331032398 -1.2549999999999997 5.5250000000000012 -0.13832722957258109 1.5000000000000002 0.29492208174907669 3.9800000000000009 -0.24866135038179019 4.7950000000000008 -0.22694064964358676 5.9500000000000002 4.0050000000000008 -0.21760247114798026
decision_type=2 2 2 2 2 2 2 2 2 2 2 2 2 2 2
left_child=-1 2 3 -2 5 8 7 -7 11 -10 -8 -5 13 -11 -13
right_child=1 -3 -4 4 -6 6 10 -9 9 12 -12 14 -14 -15 -16
leaf_value=-0.0096477882087042197 0.005250608137465038 0.010705097750317128 -0.015502990910872108 -0.0014035994419828058 0.0037994690678225689 0.00072338215253694212 -0.00067908227848376905 0.0021520149032585325 0.0006235918539459818 -0.00040289402954400548 0.00030486782537385206 -0.00048393245227634904 -0.00017991923491733717 -0.00087288428947110387 -0.00075454765930771828
leaf_weight=21 21 21 21 26 26 40 21 20 24 31 30 25 46 34 25
leaf_count=21 21 21 21 26 26 40 21 20 24 31 30 25 46 34 25
internal_value=-0.000301812 0.000175719 -0.000391247 0.000468771 0.000180212 -0.000112027 0.00060235 0.00119959 -0.000487836 -0.000262799 -0.000100288 -0.000887574 -0.000454451 -0.000648735 -0.00061924
internal_weight=432 411 390 369 348 322 111 60 211 135 51 76 111 65 50
internal_count=432 411 390 369 348 322 111 60 211 135 51 76 111 65 50
is_linear=0
shrinkage=0.05


Tree=100
num_leaves=18
num_cat=0
split_feature=4 5 13 3 4 5 5 4 13 5 3 13 5 3 5 13 5
split_gain=2.96219 1.25354 0.711143 0.335837 0.214735 0.0676969 0.00888667 0.0151286 0.00761502 0.00442021 0.0019621 0.00157035 0.000831227 0.000691391 0.000165374 2.50303e-05 3.37988e-05
threshold=2.3200000000000003 11.115000000000002 1.2185907750067047 -1.0000000180025095e-35 1.0250000000000001 8.0400000000000009 5.0650000000000004 -0.50499999999999989 1.6928867868596225 6.330000000000001 1.0000000180025095e-35 1.902519201228879 2.0500000000000003 0.75000000000000011 1.2050000000000003 1.5066423433214307 3.9950000000000006
decision_type=2 2 2 2 2 2 2 2 2 2 2 2 2 2 2 2 2
left_child=1 2 -1 -4 5 6 7 -5 9 -8 -10 12 14 15 -9 -14 -17
right_child=-2 -3 3 4 -6 -7 8 11 10 -11 -12 -13 13 -15 -16 16 -18
leaf_value=-0.0064152910351930638 0.018347852334513196 -0.012510732451284473 0.0067550964420661332 -0.0019421347126990442 0.004868472990413218 0.0022606801947695205 2.0847877148417351e-05 -0.00051071682479232551 9.9042720103170728e-05 -0.00093071837976682354 0.0007527645280457695 -0.00081694509173112532 -0.00045952267195705491 -9.5135725327314259e-05 -0.00070937292925505474 -0.00045070228211226918 -0.00037331544918679571
leaf_weight=42 21 22 20 20 22 25 23 20 24 26 22 31 23 21 22 21 43
leaf_count=42 21 22 20 20 22 25 23 20 24 26 22 31 23 21 22 21 43
internal_value=1.45041e-05 -0.000887136 -0.000255731 0.000456946 8.97066e-05 -0.00023781 -0.000448831 -0.000637178 -5.03298e-05 -0.000484065 0.000411692 -0.000492984 -0.000426031 -0.000352631 -0.000614775 -0.000414785 -0.000398708
internal_weight=448 427 405 363 343 321 296 201 95 49 46 181 150 108 42 87 64
internal_count=448 427 405 363 343 321 296 201 95 49 46 181 150 108 42 87 64
is_linear=0
shrinkage=0.05


Tree=101
num_leaves=17
num_cat=0
split_feature=17 17 9 9 5 4 13 3 4 5 5 13 5 5 13 5
split_gain=2.67413 1.24543 0.647126 0.576027 0.617716 0.138307 0.0495762 0.0246706 0.00488432 0.00266171 0.0021341 0.000835771 0.000131406 4.56714e-05 7.12871e-05 3.8409e-08
threshold=0.98362580730055971 -0.29886153460104409 0.93109820059711146 0.7584843026524527 10.330000000000002 -0.98499999999999988 1.2185907750067047 1.9350000000000003 -0.50499999999999989 5.4450000000000012 6.9900000000000011 1.902519201228879 2.0500000000000003 4.6250000000000009 1.6928867868596225 1.2050000000000003
decision_type=2 2 2 2 2 2 2 2 2 2 2 2 2 2 2 2
left_child=1 -1 3 4 5 -3 -7 8 -8 11 -11 12 15 14 -14 -10
right_child=-2 2 -4 -5 -6 6 7 -9 9 10 -12 -13 13 -15 -16 -17
leaf_value=-0.013024333392968402 0.017432911467871497 0.0036221313469078659 -0.0090144706843420866 0.0082621030010549094 -0.0085788904417616624 0.0017030664823121497 -0.0010232474196982366 0.00095450285407423514 -0.0004851809842512012 0.00032690932593223726 -0.00033116048892095152 -0.00073110576292189462 -0.00035595545770185122 -0.00032875417964532976 -0.00045874480819029195 -0.00048824262228750045
leaf_weight=20 21 28 20 21 21 36 32 36 20 22 28 24 37 30 31 21
leaf_count=20 21 28 20 21 21 36 32 36 20 22 28 24 37 30 31 21
internal_value=1.3779e-05 -0.0008429 -0.000244303 0.000208935 -0.000253132 0.000253653 -4.38777e-05 -0.000267685 -0.000447272 -0.000360741 -4.16098e-05 -0.000458634 -0.000411588 -0.000380144 -0.000402815 -0.000486749
internal_weight=448 427 407 387 366 345 317 281 245 213 50 163 139 98 68 41
internal_count=448 427 407 387 366 345 317 281 245 213 50 163 139 98 68 41
is_linear=0
shrinkage=0.05


Tree=102
num_leaves=18
num_cat=0
split_feature=17 17 9 9 5 5 18 18 3 5 5 0 0 14 5 14 5
split_gain=2.4134 1.124 0.584032 0.519864 0.557489 0.128213 0.027626 0.0497525 0.0141329 0.00983265 0.00729592 0.0196364 0.00244327 0.000679273 0.000408956 1.33755e-05 6.10084e-06
threshold=0.98362580730055971 -0.29886153460104409 0.93109820059711146 0.7584843026524527 10.330000000000002 8.0400000000000009 1.5000000000000002 1.0000000180025095e-35 1.4500000000000002 3.9950000000000006 5.660000000000001 1.0000000180025095e-35 1.0000000180025095e-35 0.33017355215996985 6.035000000000001 0.34435483870967748 3.9950000000000006
decision_type=2 2 2 2 2 2 2 2 2 2 2 2 2 2 2 2 2
left_child=1 -1 3 4 5 6 7 9 10 -3 11 13 -11 -8 -12 16 -15
right_child=-2 2 -4 -5 -6 -7 8 -9 -10 12 14 -13 -14 15 -16 -17 -18
leaf_value=-0.01237311684060842 0.016561265769858093 0.0005987115468914536 -0.0085637473792303364 0.0078489977400749925 -0.008149945821302634 0.0036894868565723301 -0.00069455048651434481 0.002193145634716048 0.00059874392829970609 -0.00021939210089234014 0.00015954771925779905 -0.0020722715997101701 -0.00092257801976908618 -0.00039325672184565555 -0.00015284893976058811 -0.00041870154906064276 -0.00035897879535332322
leaf_weight=20 21 33 20 21 21 25 24 34 31 30 22 23 21 27 20 30 25
leaf_count=20 21 33 20 21 21 25 24 34 31 30 22 23 21 27 20 30 25
internal_value=1.309e-05 -0.000800755 -0.000232088 0.000198488 -0.000240475 0.000240971 -2.84445e-05 0.000579394 -0.000383519 -7.37907e-05 -0.00056159 -0.000747945 -0.000508939 -0.000460591 1.07874e-05 -0.000392115 -0.000376777
internal_weight=448 427 407 387 366 345 320 118 202 84 171 129 51 106 42 82 52
internal_count=448 427 407 387 366 345 320 118 202 84 171 129 51 106 42 82 52
is_linear=0
shrinkage=0.05


Tree=103
num_leaves=13
num_cat=0
split_feature=17 17 9 9 3 13 17 9 17 14 14 17
split_gain=2.1781 1.01441 0.527089 0.469177 0.142724 0.0674525 0.0276641 0.0175899 0.00924162 0.0140766 0.00107505 0.00057383
threshold=0.98362580730055971 -0.29886153460104409 0.93109820059711146 0.7584843026524527 4.0500000000000007 1.2185907750067047 -0.25784337439904464 0.36084832425942415 -0.15720392651806361 0.34435483870967748 0.69472740992265625 -0.21760247114798026
decision_type=2 2 2 2 2 2 2 2 2 2 2 2
left_child=1 -1 3 4 5 -3 -7 8 9 11 -10 -8
right_child=-2 2 -4 -5 -6 6 7 -9 10 -11 -12 -13
leaf_value=-0.01175446143373847 0.015733202651054375 0.0020899592393210957 -0.0081355599306698421 0.0074565479576232888 -0.0043352327140746645 0.0010021833435166628 -0.0007618770562418688 0.00073529631447551461 -0.0014398729572902718 0.00026842541119549425 -0.00094506392238794695 -0.00055952501895192722
leaf_weight=20 21 35 20 21 20 40 76 30 23 56 21 65
leaf_count=20 21 35 20 21 20 40 76 30 23 56 21 65
internal_value=1.24355e-05 -0.000760717 -0.000220484 0.000188564 -0.000228451 8.93473e-06 -0.000225264 -0.000406437 -0.000548562 -0.000402233 -0.00120371 -0.000668594
internal_weight=448 427 407 387 366 346 311 271 241 197 44 141
internal_count=448 427 407 387 366 346 311 271 241 197 44 141
is_linear=0
shrinkage=0.05


Tree=104
num_leaves=15
num_cat=0
split_feature=4 17 4 14 13 4 14 4 4 4 13 2 13 14
split_gain=2.17596 0.908809 0.189308 0.121393 0.0461033 0.0370692 0.0259214 0.0207794 0.0155562 0.00684745 0.00419742 0.00147097 0.000671585 0.000553346
threshold=2.3200000000000003 -0.29886153460104409 -1.345 0.91336405529953935 1.2185907750067047 0.45500000000000002 0.79823008849557542 -0.82499999999999984 -0.50499999999999989 -0.024999999999999998 1.902519201228879 5.5000000000000009 1.5066423433214307 0.33017355215996985
decision_type=2 2 2 2 2 2 2 2 2 2 2 2 2 2
left_child=1 -1 -3 4 -4 6 7 -6 -9 -10 11 -11 -13 -14
right_child=-2 2 3 -5 5 -7 -8 8 9 10 -12 12 13 -15
leaf_value=-0.011166738122701645 0.015724863220072754 0.0043735691127256447 0.0014153709376437797 -0.0041078593200919306 0.00088320920444675719 0.0014222061821783428 -0.0023138331739963698 -0.0018117988179437818 0.00034008641999786382 -0.0001019076846370643 -0.0010704797369308417 -0.00035405517744554864 -0.00047166746024194421 -0.0006934601900866256
leaf_weight=20 21 21 36 22 25 24 21 25 22 22 37 37 49 66
leaf_count=20 21 21 36 22 25 24 21 25 22 22 37 37 49 66
internal_value=1.18137e-05 -0.000760959 -0.000249619 -0.000501139 -0.000283151 -0.000469574 -0.000618925 -0.000493154 -0.000626523 -0.000499347 -0.000586871 -0.000484035 -0.000539343 -0.000598957
internal_weight=448 427 407 386 364 328 304 283 258 233 211 174 152 115
internal_count=448 427 407 386 364 328 304 283 258 233 211 174 152 115
is_linear=0
shrinkage=0.05


Tree=105
num_leaves=12
num_cat=0
split_feature=4 4 3 14 13 4 3 13 13 0 13
split_gain=2.02963 0.914792 0.193445 0.0648798 0.045575 0.0401752 0.0337514 0.00783068 0.00127967 0.000927972 0.000121076
threshold=1.7750000000000001 -1.6449999999999998 6.2500000000000009 0.31796157059314961 1.2185907750067047 -0.79499999999999993 1.9350000000000003 1.6928867868596225 1.5066423433214307 1.0000000180025095e-35 1.6928867868596225
decision_type=2 2 2 2 2 2 2 2 2 2 2
left_child=1 -1 3 -3 -5 -6 8 -8 -7 10 -10
right_child=-2 2 -4 4 5 6 7 -9 9 -11 -12
leaf_value=-0.010935476121293116 0.012491256754184443 0.0016418867889475429 -0.0050261070032138382 0.0014114731645866021 -0.0022520102585466312 -0.00032338686869479719 0.0015362951596519757 0.00031533096555684667 -0.00060903440480903975 -0.00088426700654403809 -0.00051442445287710591
leaf_weight=21 31 53 20 37 28 51 24 29 63 26 73
leaf_count=21 31 53 20 37 28 51 24 29 63 26 73
internal_value=0.000140044 -0.000760868 -0.00023199 1.77033e-05 -0.000242362 -0.000450498 -0.000260865 0.00086822 -0.000541811 -0.000610575 -0.000558251
internal_weight=456 425 404 384 331 294 266 53 213 162 136
internal_count=456 425 404 384 331 294 266 53 213 162 136
is_linear=0
shrinkage=0.05


Tree=106
num_leaves=17
num_cat=0
split_feature=5 3 13 17 0 5 17 5 2 5 0 3 13 5 5 13
split_gain=4.22421 4.7409 0.366608 0.129452 0.424056 0.0597619 0.0329021 0.00576209 0.00556294 0.00656528 0.00195748 0.00431949 0.0001263 3.17189e-05 4.35255e-06 2.76033e-06
threshold=10.720000000000001 8.0350000000000019 1.2185907750067047 -0.25784337439904464 1.0000000180025095e-35 8.3000000000000025 0.69968922663150546 5.8500000000000005 6.5000000000000009 6.9350000000000014 1.0000000180025095e-35 0.75000000000000011 1.5066423433214307 3.9950000000000006 4.955000000000001 1.6928867868596225
decision_type=2 2 2 2 2 2 2 2 2 2 2 2 2 2 2 2
left_child=1 2 -1 4 -4 6 7 10 9 -9 12 -12 -5 15 -15 -14
right_child=-2 -3 3 5 -6 -7 -8 8 -10 -11 11 -13 13 14 -16 -17
leaf_value=-0.0044345699272872437 0.0176503785107343 -0.024951579337939622 -0.00069837278883135175 -0.00037501398473978044 0.0085283498628996313 0.0025049768252453459 0.0018625530949793756 0.00031768100472011915 0.00073523865453898913 -0.00080513835849199938 -0.0011844571654695425 -0.00027997648373429636 -0.00029793128711529652 -0.0002169158611515606 -0.00024726672120214927 -0.00027510580451538166
leaf_weight=42 32 20 33 31 20 24 20 30 25 23 22 33 26 27 21 27
leaf_count=42 32 20 33 31 20 24 20 30 25 23 22 33 26 27 21 27
internal_value=0.000133041 -0.00118902 -1.26575e-05 0.000500382 0.00278341 0.000108795 -9.29889e-05 -0.000240577 0.000120426 -0.00016958 -0.000391156 -0.000641769 -0.000286734 -0.000259638 -0.000230194 -0.000286303
internal_weight=456 424 404 362 53 309 285 265 78 53 187 55 132 101 48 53
internal_count=456 424 404 362 53 309 285 265 78 53 187 55 132 101 48 53
is_linear=0
shrinkage=0.05


Tree=107
num_leaves=17
num_cat=0
split_feature=5 3 13 17 0 5 17 5 2 5 0 3 13 5 5 13
split_gain=3.81235 4.27866 0.330864 0.11683 0.38271 0.0539351 0.0296941 0.00520029 0.00502056 0.00592516 0.00176663 0.00389834 0.000113986 2.86263e-05 3.92818e-06 2.4912e-06
threshold=10.720000000000001 8.0350000000000019 1.2185907750067047 -0.25784337439904464 1.0000000180025095e-35 8.3000000000000025 0.69968922663150546 5.8500000000000005 6.5000000000000009 6.9350000000000014 1.0000000180025095e-35 0.75000000000000011 1.5066423433214307 3.9950000000000006 4.955000000000001 1.6928867868596225
decision_type=2 2 2 2 2 2 2 2 2 2 2 2 2 2 2 2
left_child=1 2 -1 4 -4 6 7 10 9 -9 12 -12 -5 15 -15 -14
right_child=-2 -3 3 5 -6 -7 -8 8 -10 -11 11 -13 13 14 -16 -17
leaf_value=-0.0042128413782588072 0.016767859979881904 -0.023704000108409673 -0.00066345414829398078 -0.00035626328279895168 0.0081019323458895089 0.0023797279990200575 0.0017694254271918908 0.00030179695691913368 0.00069847670709714295 -0.00076488143708759357 -0.0011252342753736726 -0.00026597766025753862 -0.0002830347301474271 -0.0002060700561506329 -0.00023490338020824961 -0.00026135051933427652
leaf_weight=42 32 20 33 31 20 24 20 30 25 23 22 33 26 27 21 27
leaf_count=42 32 20 33 31 20 24 20 30 25 23 22 33 26 27 21 27
internal_value=0.000126389 -0.00112957 -1.20246e-05 0.000475363 0.00264424 0.000103355 -8.83395e-05 -0.000228548 0.000114405 -0.000161101 -0.000371598 -0.00060968 -0.000272397 -0.000246656 -0.000218685 -0.000271988
internal_weight=456 424 404 362 53 309 285 265 78 53 187 55 132 101 48 53
internal_count=456 424 404 362 53 309 285 265 78 53 187 55 132 101 48 53
is_linear=0
shrinkage=0.05


Tree=108
num_leaves=18
num_cat=0
split_feature=5 4 4 4 17 5 13 10 9 17 14 5 5 13 5 13 5
split_gain=3.44064 4.83475 0.668151 0.226526 0.0698887 0.148435 0.0498223 0.0123892 0.0101183 0.00661742 0.00176294 0.00144612 0.00185438 0.000344602 5.72197e-05 3.47308e-05 1.8788e-05
threshold=10.720000000000001 1.9500000000000002 -1.345 1.0250000000000001 -0.27027384190270504 3.9950000000000006 1.2185907750067047 1.9350000000000003 0.67086058285636552 -0.18121020818967951 0.69472740992265625 5.660000000000001 6.9900000000000011 1.5066423433214307 3.9950000000000006 1.6928867868596225 4.0050000000000008
decision_type=2 2 2 2 2 2 2 2 2 2 2 2 2 2 2 2 2
left_child=1 2 -1 4 5 -4 -6 9 -9 11 -11 13 -13 -8 15 -15 -16
right_child=-2 -3 3 -5 6 -7 7 8 -10 10 -12 12 -14 14 16 -17 -18
leaf_value=-0.0087949296459555633 0.015929467014211697 -0.025069707006914545 0.0051941149402409794 0.0056279318663568813 0.0017811342246002622 -0.00062008911197114253 -0.00044537884703672984 0.0010549574570177355 -0.00037867039878619835 -0.0012467312885703343 -0.00059080308310512921 0.00032167710402670005 -0.00029987751045155168 -0.0003356297540574752 -0.00019576655500309748 -0.00025755929527804255 -0.00025656714618283637
leaf_weight=20 32 20 21 21 36 23 34 32 20 21 20 24 24 29 27 28 24
leaf_count=20 32 20 21 21 36 23 34 32 20 21 20 24 24 29 27 28 24
internal_value=0.00012007 -0.00107309 0.000114859 0.000578911 0.000286818 0.00215487 2.91559e-05 -0.000193711 0.000503562 -0.000350672 -0.000926766 -0.000226357 1.08998e-05 -0.000306557 -0.000262854 -0.000297279 -0.000224379
internal_weight=456 424 404 384 363 44 319 283 52 231 41 190 48 142 108 57 51
internal_count=456 424 404 384 363 44 319 283 52 231 41 190 48 142 108 57 51
is_linear=0
shrinkage=0.05


Tree=109
num_leaves=17
num_cat=0
split_feature=5 14 17 5 13 9 14 17 5 5 5 14 13 5 5 5
split_gain=3.15074 1.10892 0.417189 1.08292 0.0837823 0.073476 0.012701 0.051647 0.0476873 0.00786052 0.00209259 0.00177919 0.00124545 0.00306256 9.3324e-05 2.79124e-05
threshold=12.115000000000002 0.94080631686743754 -0.28170473793106393 4.955000000000001 1.2185907750067047 0.91324216649894552 0.68149001536098319 0.10752951192660611 7.3750000000000009 6.1200000000000001 5.0650000000000004 0.34435483870967748 1.6928867868596225 3.9800000000000009 3.9950000000000006 3.3350000000000004
decision_type=2 2 2 2 2 2 2 2 2 2 2 2 2 2 2 2
left_child=1 2 3 -1 -4 6 8 -8 10 -9 11 12 13 -6 -14 -13
right_child=-2 -3 4 -5 5 -7 7 9 -10 -11 -12 15 14 -15 -16 -17
leaf_value=0.0018875726078066133 0.019030036799432267 -0.012008087133013066 0.0025786790280387956 -0.012259405017539395 -0.00031884826994741918 0.002726657090650406 -0.0024582555660274991 -0.00035839124029735103 0.0021047691617590877 0.00092241186834871773 0.00015272797008480829 -0.00056036768170694511 -0.00024468132261452929 0.00044471578754989123 -0.00037265660171999183 -0.00048217473691329366
leaf_weight=31 21 21 39 24 29 25 26 23 26 25 39 21 28 24 29 25
leaf_count=31 21 21 39 24 29 25 26 23 26 25 39 21 28 24 29 25
internal_value=0.000114066 -0.000799118 -0.000230547 -0.00428565 0.000390708 0.00012405 -9.65105e-05 -0.000663478 9.33338e-05 0.000308694 -0.000174858 -0.000256754 -0.000147559 2.69166e-05 -0.000309792 -0.000517872
internal_weight=456 435 414 55 359 320 295 74 221 48 195 156 110 53 57 46
internal_count=456 435 414 55 359 320 295 74 221 48 195 156 110 53 57 46
is_linear=0
shrinkage=0.05


Tree=110
num_leaves=17
num_cat=0
split_feature=5 4 9 5 6 13 5 6 4 9 18 17 6 13 5 13
split_gain=2.097 2.83316 0.478898 0.117802 0.0338357 0.0307564 0.0258237 0.0160563 0.011867 0.0149737 0.00789262 0.00332354 0.00215809 0.000198523 2.46201e-05 2.28094e-05
threshold=10.720000000000001 1.905 -0.034012348196714615 7.2300000000000013 1.0000000180025095e-35 1.2185907750067047 5.9500000000000002 0.8500000000000002 -0.50499999999999989 0.78510417833538715 2.5000000000000004 -0.22739010339089433 0.75000000000000011 1.5066423433214307 3.9950000000000006 1.6928867868596225
decision_type=2 2 2 2 2 2 2 2 2 2 2 2 2 2 2 2
left_child=1 2 -1 5 -5 -4 8 -8 -7 11 -6 -10 13 -13 15 -15
right_child=-2 -3 3 4 10 6 7 -9 9 -11 -12 12 -14 14 -16 -17
leaf_value=-0.0075087729930168106 0.012157334142830224 -0.019020998846029952 0.0013627841013173264 0.0004987930686911568 0.0035904171765044645 -0.0015171733636665961 8.9056273282039917e-06 0.0017591523675946519 -0.00078163939588530749 -0.0017221929447259754 0.0022455286484910175 -0.00038140713423490526 0.00030515689082676544 -0.00028326633720375278 -0.00019500813159961688 -0.00021606638703295695
leaf_weight=21 32 21 30 20 24 29 38 20 27 20 20 25 20 23 43 28
leaf_count=21 32 21 30 20 24 29 38 20 27 20 20 25 20 23 43 28
internal_value=-0.000169065 -0.00113348 -0.000165338 0.000254858 0.00220401 -0.000156843 -0.000323835 0.000612439 -0.000576412 -0.000429734 0.0029791 -0.000274016 -0.000175413 -0.000256181 -0.000222876 -0.000246372
internal_weight=441 409 388 367 64 303 273 58 215 186 44 166 139 119 94 51
internal_count=441 409 388 367 64 303 273 58 215 186 44 166 139 119 94 51
is_linear=0
shrinkage=0.05


Tree=111
num_leaves=12
num_cat=0
split_feature=4 17 3 13 13 4 14 8 4 18 13
split_gain=2.00089 1.13 0.175496 0.119713 0.0300252 0.075621 0.0288392 0.015891 0.00862593 0.00304575 0.00016525
threshold=1.5800000000000003 -0.29886153460104409 5.7500000000000009 1.2185907750067047 1.5066423433214307 -1.0149999999999999 0.77826941986234033 1.0000000180025095e-35 -0.57499999999999984 2.5000000000000004 1.902519201228879
decision_type=2 2 2 2 2 2 2 2 2 2 2
left_child=1 -1 3 -3 7 -6 8 -5 -7 10 -10
right_child=-2 2 -4 4 5 6 -8 -9 9 -11 -12
leaf_value=-0.012693313863128426 0.011880022651894251 0.0023721360362684118 -0.0048443601763045255 -0.00024265223874937039 -0.0032008560224343896 0.00030240832478739326 0.0011104608016248676 0.0013703247418071932 -0.0010193603876980468 -0.00056601955014390544 -0.00089221815971202807
leaf_weight=20 32 39 22 37 29 20 25 26 63 85 43
leaf_count=20 32 39 22 37 29 20 25 26 63 85 43
internal_value=-0.000160612 -0.00110267 -0.000506746 -0.000246726 -0.000558115 -0.000791366 -0.000495284 0.000423021 -0.000685538 -0.000788988 -0.000967784
internal_weight=441 409 389 367 328 265 236 63 211 191 106
internal_count=441 409 389 367 328 265 236 63 211 191 106
is_linear=0
shrinkage=0.05


Tree=112
num_leaves=13
num_cat=0
split_feature=4 17 3 13 4 4 3 18 17 13 13 9
split_gain=1.80581 1.01983 0.158385 0.108041 0.0325248 0.0509352 0.0201449 0.00812698 0.00270935 0.00483278 0.00140325 0.000972194
threshold=1.5800000000000003 -0.29886153460104409 5.7500000000000009 1.2185907750067047 -1.345 -0.84499999999999986 1.9350000000000003 2.5000000000000004 -0.21760247114798026 1.6928867868596225 1.902519201228879 0.079312658572896363
decision_type=2 2 2 2 2 2 2 2 2 2 2 2
left_child=1 -1 3 -3 -5 -6 8 -8 9 -7 -11 -10
right_child=-2 2 -4 4 5 6 7 -9 11 10 -12 -13
leaf_value=-0.012058649268001318 0.011286021792329848 0.0022535292431712151 -0.0046021421058950107 0.0014236837576754625 -0.002920488569804508 -7.0895896787988018e-05 0.0010954737546853722 -0.00016906472867251273 -0.00099202524243082748 -0.000583429860749415 -0.00096412690052946691 -0.00061301387690353148
leaf_weight=20 32 39 22 20 23 40 24 27 64 70 37 23
leaf_count=20 32 39 22 20 23 40 24 27 64 70 37 23
internal_value=-0.000152581 -0.00104753 -0.000481409 -0.000234389 -0.000530209 -0.000657085 -0.000474424 0.000426012 -0.000670673 -0.000539787 -0.000715073 -0.000891827
internal_weight=441 409 389 367 328 308 285 51 234 147 107 87
internal_count=441 409 389 367 328 308 285 51 234 147 107 87
is_linear=0
shrinkage=0.05


Tree=113
num_leaves=18
num_cat=0
split_feature=5 4 13 5 3 5 5 3 9 4 3 5 3 13 13 5 5
split_gain=1.90062 2.92179 0.366754 0.467194 0.30801 0.0879305 0.0226651 0.0216018 0.0138495 0.0132282 0.00952763 0.00185436 0.00173825 0.00146054 0.00035735 2.03876e-05 3.52232e-06
threshold=10.720000000000001 1.905 1.2185907750067047 3.9950000000000006 -0.19999999999999998 7.6200000000000001 5.9500000000000002 0.95000000000000007 0.78510417833538715 -0.50499999999999989 2.0500000000000003 6.330000000000001 0.75000000000000011 1.902519201228879 1.5066423433214307 3.9950000000000006 2.9900000000000007
decision_type=2 2 2 2 2 2 2 2 2 2 2 2 2 2 2 2 2
left_child=1 2 3 -1 -4 6 8 -7 9 -6 11 -8 13 14 -11 16 -16
right_child=-2 -3 4 -5 5 7 10 -9 -10 12 -12 -13 -14 -15 15 -17 -18
leaf_value=0.00078131251391910382 0.011590088857337833 -0.019228251140919472 0.0064785911410581327 -0.0097655724068837508 -0.0013507926897828244 0.00087670751323457811 0.00046813138566600786 0.0030624183181386729 -0.0017470922390930355 -0.00034880109131336218 0.0014794832952611614 -0.00017523382612991904 0.0002317626070829907 -0.00059445697373191188 -0.00016939717690027986 -0.00011074697804982078 -0.00014298970500417258
leaf_weight=21 32 21 20 21 29 20 24 26 20 25 20 21 21 26 28 43 23
leaf_count=21 32 21 20 21 29 20 24 26 20 25 20 21 21 26 28 43 23
internal_value=-0.000144952 -0.0010631 -7.99315e-05 -0.00449213 0.000455653 8.61479e-05 -0.000246689 0.00211211 -0.000494036 -0.000365517 0.00057146 0.000167894 -0.000193391 -0.000254965 -0.00018079 -0.000136106 -0.000157488
internal_weight=441 409 388 42 346 326 280 46 215 195 65 45 166 145 119 94 51
internal_count=441 409 388 42 346 326 280 46 215 195 65 45 166 145 119 94 51
is_linear=0
shrinkage=0.05


Tree=114
num_leaves=17
num_cat=0
split_feature=4 5 3 5 14 0 5 14 5 5 14 5 5 4 14 5
split_gain=1.78587 1.62914 0.304657 0.0770103 0.0168982 0.00489138 0.0108813 0.0100116 0.00273374 0.00112313 0.00238315 0.00107503 0.00133052 0.00100763 9.93478e-06 3.31639e-06
threshold=1.5800000000000003 10.720000000000001 -1.0000000180025095e-35 8.3000000000000025 0.85493088782562476 1.0000000180025095e-35 4.0050000000000008 0.38362831858407087 6.035000000000001 4.955000000000001 0.31796157059314961 6.9900000000000011 5.9500000000000002 -0.54499999999999993 0.33017355215996985 3.9950000000000006
decision_type=2 2 2 2 2 2 2 2 2 2 2 2 2 2 2 2
left_child=1 2 -1 4 5 7 -7 9 13 10 -4 12 -11 -8 -12 -16
right_child=-2 -3 3 -5 -6 6 8 -9 -10 11 14 -13 -14 -15 15 -17
leaf_value=-0.0056595393708751855 0.011237568495380401 -0.013139271628684723 -0.00073642112713839325 0.0025000800596899353 0.0013382413529325278 -0.0013085775976327974 -0.00014163308762363158 0.00089161341221859832 0.00024500838791999713 -0.0001066095284276626 -0.00011951622673896728 -0.00029831955802034251 0.00040262632031479607 -0.00064353778769145721 -0.00016507196307525432 -0.00014162367046810688
leaf_weight=24 32 26 21 32 20 27 20 26 29 29 27 22 23 20 38 25
leaf_count=24 32 26 21 32 20 27 20 26 29 29 27 22 23 20 38 25
internal_value=-0.000137704 -0.0010277 -0.000205506 0.000159109 -6.99768e-05 -0.000161717 -0.000457602 -2.7097e-05 -0.000124611 -0.000156213 -0.000256803 -5.3284e-06 0.000118629 -0.000392585 -0.000144892 -0.000155767
internal_weight=441 409 383 359 327 307 96 211 69 185 111 74 52 40 90 63
internal_count=441 409 383 359 327 307 96 211 69 185 111 74 52 40 90 63
is_linear=0
shrinkage=0.05


Tree=115
num_leaves=17
num_cat=0
split_feature=5 14 3 3 5 13 5 0 13 5 9 14 17 5 5 13
split_gain=3.1502 1.60327 0.324386 0.0557058 0.0318997 0.0162094 0.00902432 0.00917397 0.00230824 0.00437406 0.00153812 0.00144003 0.00125945 0.000426109 0.000153496 2.07689e-06
threshold=10.030000000000003 0.94080631686743754 -0.19999999999999998 6.2500000000000009 8.0400000000000009 1.2185907750067047 3.9950000000000006 1.0000000180025095e-35 1.902519201228879 6.9350000000000014 0.10390241269498572 0.34435483870967748 -0.22694064964358676 4.955000000000001 5.5200000000000005 1.6928867868596225
decision_type=2 2 2 2 2 2 2 2 2 2 2 2 2 2 2 2
left_child=1 2 -1 4 5 -4 7 12 9 10 11 13 -7 -8 -12 -14
right_child=-2 -3 3 -5 -6 6 8 -9 -10 -11 14 -13 15 -15 -16 -17
leaf_value=0.0064416100683791395 0.016602639301369588 -0.013639978864895447 0.0010326837253724706 0.0026899175452334539 0.0017954198080891123 -0.00056648328989887477 -8.8729034371984504e-05 -0.0013896160483084343 0.0003588471089161056 -0.0006182705300489034 0.00037874923852671471 -0.00038878766871574855 -0.00010808079423441086 0.00017163630382679968 0.00018757723266303185 -0.00013086726248729975
leaf_weight=22 30 21 29 21 24 26 30 27 34 32 21 27 20 33 21 20
leaf_count=22 30 21 29 21 24 26 30 27 34 32 21 27 20 33 21 20
internal_value=0.000964995 -0.000184832 0.000545293 0.000189898 3.72808e-05 -9.45796e-05 -0.000206919 -0.000613195 -1.60916e-05 -9.38228e-05 3.3316e-05 -8.32793e-05 -0.000295569 4.76528e-05 0.000283163 -0.000119474
internal_weight=438 408 387 365 344 320 291 93 198 164 132 90 66 63 42 40
internal_count=438 408 387 365 344 320 291 93 198 164 132 90 66 63 42 40
is_linear=0
shrinkage=0.05


Tree=116
num_leaves=17
num_cat=0
split_feature=5 14 3 3 5 13 5 8 14 8 13 17 5 5 17 13
split_gain=2.84305 1.44695 0.292759 0.0502745 0.0287894 0.0146289 0.00814445 0.0082795 0.00230806 0.00766711 0.00236945 0.00113666 0.000521584 0.00202919 0.000182936 1.8744e-06
threshold=10.030000000000003 0.94080631686743754 -0.19999999999999998 6.2500000000000009 8.0400000000000009 1.2185907750067047 3.9950000000000006 1.0000000180025095e-35 0.68149001536098319 1.0000000180025095e-35 1.6928867868596225 -0.22694064964358676 6.9900000000000011 5.9500000000000002 -0.22694064964358676 1.6928867868596225
decision_type=2 2 2 2 2 2 2 2 2 2 2 2 2 2 2 2
left_child=1 2 -1 4 5 -4 7 11 9 12 -10 -7 13 14 -8 -13
right_child=-2 -3 3 -5 -6 6 8 -9 10 -11 -12 15 -14 -15 -16 -17
leaf_value=0.0061195294266905296 0.015772507824003697 -0.012957979204587728 0.0009810495383009829 0.0025554216437740254 0.0017056488014835242 -0.00053815911703098275 -0.0002591712464761388 -0.0013201352819763729 -2.9846361598395038e-05 0.00088524238532409073 -0.00070924411175794723 -0.00010267675286740997 -0.00028623773414437892 0.00037210062437225138 -9.4947656180011109e-05 -0.00012432389950845391
leaf_weight=22 30 21 29 21 24 26 28 27 33 25 21 20 24 24 43 20
leaf_count=22 30 21 29 21 24 26 28 27 33 25 21 20 24 24 43 20
internal_value=0.000916746 -0.00017559 0.000518028 0.000180403 3.54168e-05 -8.98506e-05 -0.000196573 -0.000582536 -1.5287e-05 8.92516e-05 -0.000294057 -0.00028079 -7.79734e-05 -2.53593e-05 -0.000159712 -0.0001135
internal_weight=438 408 387 365 344 320 291 93 198 144 54 66 119 95 71 40
internal_count=438 408 387 365 344 320 291 93 198 144 54 66 119 95 71 40
is_linear=0
shrinkage=0.05


Tree=117
num_leaves=16
num_cat=0
split_feature=5 14 14 3 5 13 5 0 13 5 9 14 13 5 5
split_gain=2.58635 1.52809 0.304716 0.116321 0.0243628 0.0132026 0.00735037 0.00747225 0.00208454 0.00379459 0.00146601 0.00129931 0.000551634 0.000348738 0.000131128
threshold=10.720000000000001 0.94726085124315229 0.06304799967374905 6.2500000000000009 8.0400000000000009 1.2185907750067047 3.9950000000000006 1.0000000180025095e-35 1.902519201228879 6.9350000000000014 0.10390241269498572 0.34435483870967748 1.6928867868596225 4.955000000000001 5.5200000000000005
decision_type=2 2 2 2 2 2 2 2 2 2 2 2 2 2 2
left_child=1 2 -1 4 5 -4 7 12 9 10 11 13 -7 -8 -12
right_child=-2 -3 3 -5 -6 6 8 -9 -10 -11 14 -13 -14 -15 -16
leaf_value=0.0061958744676540731 0.016487325716763736 -0.013556265728548171 0.0009319970609042151 0.0037080738038006845 0.0014786576817708988 -0.00011774998965847773 -8.2812496111728256e-05 -0.0012541284987593018 0.00034178487463470768 -0.00057686648312369468 0.00036229463987096794 -0.0003740002773055393 -0.00040698655476958002 0.00015273172451116173 0.00018559995930575367
leaf_weight=23 25 20 29 23 27 32 30 27 34 32 21 27 34 33 21
leaf_count=23 25 20 29 23 27 32 30 27 34 32 21 27 34 33 21
internal_value=0.000870908 -7.43955e-05 0.000611705 0.000264581 3.63377e-05 -8.53581e-05 -0.000186744 -0.000553409 -1.45227e-05 -8.83913e-05 3.00269e-05 -8.38026e-05 -0.000266751 4.05678e-05 0.000273947
internal_weight=438 413 393 370 347 320 291 93 198 164 132 90 66 63 42
internal_count=438 413 393 370 347 320 291 93 198 164 132 90 66 63 42
is_linear=0
shrinkage=0.05


Tree=118
num_leaves=17
num_cat=0
split_feature=4 5 14 5 13 5 0 10 9 17 5 13 17 18 17 13
split_gain=3.21858 2.02523 0.291452 0.0314198 0.0180963 0.00646094 0.00674371 0.00443766 0.0053131 0.00311674 0.00286289 0.00165768 0.00102301 0.000115764 3.36569e-05 1.48985e-07
threshold=1.7750000000000001 10.720000000000001 0.06304799967374905 8.3000000000000025 1.2185907750067047 3.9950000000000006 1.0000000180025095e-35 4.0500000000000007 0.29492208174907669 -0.11922538760351999 5.0650000000000004 1.6928867868596225 -0.22694064964358676 1.5000000000000002 -0.22694064964358676 1.6928867868596225
decision_type=2 2 2 2 2 2 2 2 2 2 2 2 2 2 2 2
left_child=1 2 -1 4 -4 6 12 8 9 10 13 -12 -6 -7 -15 -14
right_child=-2 -3 3 -5 5 7 -8 -9 -10 -11 11 -13 15 14 -16 -17
leaf_value=0.0058860807882054993 0.016094333805745011 -0.015889919605106117 0.001108459106956919 0.0015781411132138601 -0.00049757653345855381 -8.2620210735058207e-05 -0.001191422070217043 -0.00071357357692683032 0.00061835575722986563 -0.0006384320638885368 -3.1712208268193839e-05 0.00051441624890216967 -9.1655415890272717e-05 -0.00026012762536993251 -0.00018178416469779153 -9.775837970664725e-05
leaf_weight=23 32 20 30 32 26 20 27 21 34 21 24 33 20 29 26 20
leaf_count=23 32 20 30 32 26 20 27 21 34 21 24 33 20 29 26 20
internal_value=0.000827363 -0.000375945 0.000427888 8.20517e-05 -6.25854e-05 -0.000179301 -0.000525738 -2.44032e-05 5.29902e-05 -7.26466e-05 1.73648e-05 0.000284467 -0.000253413 -0.000185633 -0.000223093 -9.47069e-05
internal_weight=438 406 386 363 331 301 93 208 187 153 132 57 66 75 55 40
internal_count=438 406 386 363 331 301 93 208 187 153 132 57 66 75 55 40
is_linear=0
shrinkage=0.05


Tree=119
num_leaves=17
num_cat=0
split_feature=5 14 14 9 13 5 8 5 14 9 3 8 13 5 5 5
split_gain=2.49938 1.53302 0.248996 0.091216 0.0177929 0.00814145 0.00845847 0.00454725 0.00373073 0.00624851 0.00188954 0.00207606 0.000494501 0.000453721 0.00163878 1.6137e-05
threshold=10.720000000000001 0.94726085124315229 0.06304799967374905 0.91324216649894552 1.2185907750067047 3.5750000000000006 1.0000000180025095e-35 8.3000000000000025 0.80243681050132676 0.32740356455526742 1.1500000000000001 1.0000000180025095e-35 1.6928867868596225 6.9900000000000011 5.9500000000000002 4.955000000000001
decision_type=2 2 2 2 2 2 2 2 2 2 2 2 2 2 2 2
left_child=1 2 -1 4 -4 6 12 8 9 10 11 13 -6 14 15 -7
right_child=-2 -3 3 -5 5 7 -8 -9 -10 -11 -12 -13 -14 -15 -16 -17
leaf_value=0.0055917768617687021 0.01613761267066002 -0.013646878758445384 0.0011047967127524316 0.003146520806476474 -9.9668699658650442e-05 -0.00016023915810618812 -0.0014144993986701594 0.00069401134528743582 -0.00066907511733006698 0.00088399046573613312 -0.00050800550961866981 0.00046988863947003016 -0.00037351776623194494 -0.000263581638046162 0.00033691843952207516 -0.00011146422204027269
leaf_weight=23 25 20 34 25 32 43 20 25 20 20 20 21 34 24 24 28
leaf_count=23 25 20 34 25 32 43 20 25 20 20 20 21 34 24 24 28
internal_value=0.000785995 -0.00014328 0.000543926 0.000230141 1.88088e-05 -9.99166e-05 -0.000513709 5.82442e-05 -2.12267e-05 5.07565e-05 -5.33978e-05 1.15462e-05 -0.000240742 -6.93378e-05 -2.02657e-05 -0.000141004
internal_weight=438 413 393 370 345 311 86 225 200 180 160 140 66 119 95 71
internal_count=438 413 393 370 345 311 86 225 200 180 160 140 66 119 95 71
is_linear=0
shrinkage=0.05


Tree=120
num_leaves=16
num_cat=0
split_feature=14 5 3 3 5 5 3 18 17 18 5 14 5 14 5
split_gain=2.24273 2.66616 0.520751 0.116585 0.0239171 0.00890142 0.00756235 0.00540764 0.00541768 0.00459136 0.00452881 0.00301812 0.000891184 0.000609226 0.000291134
threshold=0.96048454469507105 10.900000000000002 -1.0000000180025095e-35 6.7500000000000009 8.3000000000000025 5.5550000000000006 1.9350000000000003 1.5000000000000002 0.17933452333424432 1.0000000180025095e-35 6.6550000000000002 0.33017355215996985 4.4300000000000006 0.34435483870967748 3.9950000000000006
decision_type=2 2 2 2 2 2 2 2 2 2 2 2 2 2 2
left_child=1 2 -1 4 5 7 10 9 11 14 -7 -9 13 -13 -4
right_child=-2 -3 3 -5 -6 6 -8 8 -10 -11 -12 12 -14 -15 -16
leaf_value=-0.0077879974086369798 0.015258279993114146 -0.016954734370112422 -0.0002375382253804299 0.0040162155439611531 0.0013556171610937728 0.0004441430849538213 0.00098047624985955545 -0.00076278584217652685 -0.0011639145747176372 0.00064011484781211175 -0.00041230679491867524 -0.00011436669936388388 0.00011826673241254565 -0.00041546240515474766 -2.3837173478871895e-05
leaf_weight=21 22 25 34 20 34 33 33 25 20 27 29 42 24 28 30
leaf_count=21 22 25 34 20 34 33 33 25 20 27 29 42 24 28 30
internal_value=-0.000308093 -0.00111388 -0.000123828 0.000300835 9.38505e-05 -3.81497e-05 0.000369006 -0.000206323 -0.000402488 9.33152e-05 4.35456e-05 -0.000274518 -0.000144659 -0.000234805 -0.000137366
internal_weight=447 425 400 379 359 325 95 230 139 91 62 119 94 70 64
internal_count=447 425 400 379 359 325 95 230 139 91 62 119 94 70 64
is_linear=0
shrinkage=0.05


Tree=121
num_leaves=19
num_cat=0
split_feature=14 5 3 3 9 3 14 9 5 13 17 5 5 5 5 5 5 5
split_gain=2.02406 2.40621 0.469978 0.105218 0.0227011 0.0314251 0.00702406 0.00458119 0.00896135 0.00324043 0.00162816 0.00159981 0.00108697 0.000274514 0.000118451 0.000343326 2.76172e-05 1.65915e-05
threshold=0.96048454469507105 10.900000000000002 -1.0000000180025095e-35 6.7500000000000009 0.78510417833538715 0.8500000000000002 0.38362831858407087 0.5649769939141065 7.8050000000000006 1.6928867868596225 -0.22694064964358676 3.9950000000000006 3.9950000000000006 5.660000000000001 2.2200000000000002 3.9950000000000006 5.9500000000000002 4.0050000000000008
decision_type=2 2 2 2 2 2 2 2 2 2 2 2 2 2 2 2 2 2
left_child=1 2 -1 4 5 6 10 8 9 -7 11 -4 -8 14 -12 -16 -13 -17
right_child=-2 -3 3 -5 -6 7 12 -9 -10 -11 13 16 -14 -15 15 17 -18 -19
leaf_value=-0.0073985969071232146 0.014495366085744041 -0.016106997683644295 -0.00069054702115762569 0.0038154047960415483 -0.0013337674989508323 -1.5385768520424056e-05 0.00025070737136284946 0.0017136874457355589 0.001709374733036384 0.00087389395979698748 -4.5911106450754842e-05 -0.00024454912636429071 0.0007423056247220798 4.5316110230612992e-05 -0.00032324568854401943 -6.1259193395156989e-05 -0.00016925937961786985 -0.00012025690653403714
leaf_weight=21 22 25 27 20 26 21 23 20 20 20 30 29 22 29 23 26 21 22
leaf_count=21 22 25 27 20 26 21 23 20 20 20 30 29 22 29 23 26 21 22
internal_value=-0.000292688 -0.00105819 -0.000117637 0.000285794 8.9158e-05 0.000200257 -7.51205e-05 0.00105699 0.000841677 0.000418409 -0.0001982 -0.000380404 0.000491044 -9.02785e-05 -0.000129212 -0.000164409 -0.000212927 -8.82998e-05
internal_weight=447 425 400 379 359 333 252 81 61 41 207 77 45 130 101 71 50 48
internal_count=447 425 400 379 359 333 252 81 61 41 207 77 45 130 101 71 50 48
is_linear=0
shrinkage=0.05


Tree=122
num_leaves=18
num_cat=0
split_feature=14 5 4 6 5 13 14 4 6 4 13 18 5 5 5 17 5
split_gain=1.82671 2.19053 0.461274 0.0970729 0.0325711 0.0194197 0.0359789 0.0338472 0.0176617 0.0070031 0.00504927 0.00237176 0.00108829 0.0017239 0.000754223 0.000679232 0.000277053
threshold=0.96048454469507105 11.305000000000001 -1.345 6.7500000000000009 9.0050000000000008 1.6928867868596225 0.82762533165758978 -0.67499999999999993 2.6000000000000005 -0.50499999999999989 1.2185907750067047 2.5000000000000004 5.4450000000000012 2.4700000000000006 3.9950000000000006 -0.21760247114798026 4.955000000000001
decision_type=2 2 2 2 2 2 2 2 2 2 2 2 2 2 2 2 2
left_child=1 2 -1 4 5 6 7 -4 9 -7 -9 -11 13 -12 -13 -15 -16
right_child=-2 -3 3 -5 -6 8 -8 10 -10 11 12 14 -14 15 16 -17 -18
leaf_value=-0.0066500914475629827 0.013770597495815971 -0.017158633098006248 0.002192455203039572 0.0036246348265558483 -0.0019152439318713733 -0.00089837671999703171 0.0025022982683731245 0.00060823765150936585 -0.0015740757040806454 -0.00023156858268052794 -0.00037268016864706221 0.00048874955295845953 -0.00040369988644921127 -0.0001410584066650786 1.6108163399621845e-05 0.00020585833459166636 0.00026163756868939988
leaf_weight=26 22 20 20 20 20 20 20 28 22 33 29 27 29 21 20 43 27
leaf_count=26 22 20 20 20 20 20 20 28 22 33 29 27 29 21 20 43 27
internal_value=-0.000278054 -0.00100528 -0.000207582 0.000234385 4.5513e-05 0.000161192 0.000496318 0.00026032 -0.00026615 -3.95802e-05 2.7021e-06 0.000120943 -0.000136273 -5.28822e-05 0.000278143 9.20263e-05 0.000157157
internal_weight=447 425 405 379 359 339 190 170 149 127 150 107 122 93 74 64 47
internal_count=447 425 405 379 359 339 190 170 149 127 150 107 122 93 74 64 47
is_linear=0
shrinkage=0.05


Tree=123
num_leaves=16
num_cat=0
split_feature=5 3 4 4 4 14 3 14 18 18 18 5 14 5 14
split_gain=1.64945 3.84085 0.443794 0.089294 0.0150932 0.0301332 0.0114076 0.00876264 0.00197957 0.00319674 0.00156762 0.000245277 0.000320805 0.000136041 0.000108057
threshold=10.720000000000001 8.6000000000000014 -1.345 1.0700000000000003 -1.0000000180025095e-35 0.33017355215996985 1.7500000000000002 0.80973266499582308 1.5000000000000002 1.0000000180025095e-35 2.5000000000000004 4.7550000000000008 0.34435483870967748 3.9950000000000006 0.34435483870967748
decision_type=2 2 2 2 2 2 2 2 2 2 2 2 2 2 2
left_child=1 2 -1 4 5 -4 -7 8 9 13 -10 14 -13 -6 -12
right_child=-2 -3 3 -5 7 6 -8 -9 10 -11 11 12 -14 -15 -16
leaf_value=-0.0064835873143747448 0.010493783218165239 -0.022497185640822866 0.002486918285721913 0.0035664411705164686 -0.00017631572581767278 -0.00027099053348557883 0.0010972275890526362 0.00084337348736629914 -0.00045511982403695589 0.00056435945616276182 -8.0115693764617817e-05 -4.2833090992644431e-05 -0.00030990088014969726 -2.2798890683090224e-05 5.1477587951991999e-05
leaf_weight=25 33 20 20 21 27 39 25 29 40 27 39 22 23 31 26
leaf_count=25 33 20 20 21 27 39 25 29 40 27 39 22 23 31 26
internal_value=-0.000264151 -0.00112167 -3.66159e-05 0.000400171 0.000209103 0.000792862 0.00026347 2.3361e-05 -7.7832e-05 0.000114946 -0.000187073 -8.96013e-05 -0.000179334 -9.42636e-05 -2.74784e-05
internal_weight=447 414 394 369 348 84 64 264 235 85 150 110 45 58 65
internal_count=447 414 394 369 348 84 64 264 235 85 150 110 45 58 65
is_linear=0
shrinkage=0.05


Tree=124
num_leaves=14
num_cat=0
split_feature=14 4 14 4 4 17 17 13 3 4 13 14 13
split_gain=1.80083 1.02437 0.0929425 0.041973 0.0365771 0.0297643 0.0339968 0.0136381 0.0130695 0.0119192 0.00298482 0.000610448 4.59257e-05
threshold=0.96048454469507105 -1.7149999999999996 0.91029766693483516 -1.0149999999999999 -0.67499999999999993 0.25097904726184539 0.53432830294953793 1.2185907750067047 2.0500000000000003 -0.16999999999999996 1.5066423433214307 0.33017355215996985 1.902519201228879
decision_type=2 2 2 2 2 2 2 2 2 2 2 2 2
left_child=1 -1 3 -3 -5 7 -7 -6 9 -9 -11 12 -12
right_child=-2 2 -4 4 5 6 -8 8 -10 10 11 -13 -14
leaf_value=-0.01201929652830586 0.013697814778160219 -0.0019506060807598813 -0.0035878685176033869 0.0017191322688281966 0.00059515248036145097 0.0019652299180355232 -0.00050498899990298717 0.00059205050850626628 -0.001794676070276182 -0.00021483952517709916 -0.00079998570269300883 -0.00057072127284112551 -0.00072610214331441303
leaf_weight=20 22 33 22 26 28 30 26 24 20 42 58 63 33
leaf_count=20 22 33 22 26 28 30 26 24 20 42 58 63 33
internal_value=-0.000250944 -0.000972997 -0.000427501 -0.000245965 -8.52419e-05 -0.000230037 0.000818343 -0.000449102 -0.000570931 -0.000459682 -0.000588466 -0.000690364 -0.000773193
internal_weight=447 425 405 383 350 324 56 268 240 220 196 154 91
internal_count=447 425 405 383 350 324 56 268 240 220 196 154 91
is_linear=0
shrinkage=0.05


Tree=125
num_leaves=17
num_cat=0
split_feature=17 5 18 3 17 13 5 5 5 13 0 3 5 14 5 5
split_gain=1.83932 1.65115 1.05315 0.417139 0.13386 0.016524 0.0192506 0.0138396 0.0132008 0.00337416 0.000908812 0.00313011 7.66589e-05 2.06354e-05 5.54747e-06 3.06869e-06
threshold=0.98362580730055971 9.1650000000000009 1.5000000000000002 -1.0000000180025095e-35 0.66750447066688434 1.2185907750067047 7.9850000000000003 5.9500000000000002 6.9350000000000014 1.902519201228879 1.0000000180025095e-35 0.75000000000000011 4.955000000000001 0.33017355215996985 2.9900000000000007 3.9950000000000006
decision_type=2 2 2 2 2 2 2 2 2 2 2 2 2 2 2 2
left_child=1 3 -3 -1 5 -5 7 9 -9 10 12 -12 13 -7 -15 -16
right_child=-2 2 -4 4 -6 6 -8 8 -10 -11 11 -13 -14 14 15 -17
leaf_value=0.0076256547681987285 0.014956889674067497 -0.017841722071170806 -0.0033820692752830357 0.00093984099512454131 0.0041897224416607062 -4.1016896416708324e-06 -0.0015001458574261052 0.0011794551317143489 -0.00025140034143718098 -0.00064693650010188945 -0.00074118782134104078 3.4100542737481499e-05 -0.00013431862415745857 -7.3608045793315839e-05 -2.9616120256200111e-05 -5.4922699928283694e-05
leaf_weight=20 20 20 34 40 20 33 24 40 27 38 23 30 25 21 23 25
leaf_count=20 20 20 34 40 20 33 24 40 27 38 23 30 25 21 23 25
internal_value=0.000125054 -0.000544555 -0.0087375 0.000592768 0.000211582 -1.63916e-05 -0.000140176 -2.5652e-05 0.000602842 -0.000218813 -0.000128431 -0.000302345 -5.5853e-05 -3.66212e-05 -5.2174e-05 -4.27966e-05
internal_weight=463 443 54 389 369 349 309 285 67 218 180 53 127 102 69 48
internal_count=463 443 54 389 369 349 309 285 67 218 180 53 127 102 69 48
is_linear=0
shrinkage=0.05


Tree=126
num_leaves=18
num_cat=0
split_feature=9 5 18 3 3 13 5 4 13 5 13 0 0 5 18 5 5
split_gain=1.18153 1.51414 0.950469 0.368191 0.157338 0.0139867 0.00289243 0.00647364 0.00422752 0.00592682 0.00349894 0.00180362 0.000882071 6.91847e-05 1.86235e-05 5.00659e-06 2.7695e-06
threshold=1.203543593213543 9.1650000000000009 1.5000000000000002 -1.0000000180025095e-35 5.2500000000000009 1.2185907750067047 5.0650000000000004 -0.38999999999999996 1.6928867868596225 6.9350000000000014 1.902519201228879 1.0000000180025095e-35 1.0000000180025095e-35 4.955000000000001 2.5000000000000004 2.9900000000000007 3.9950000000000006
decision_type=2 2 2 2 2 2 2 2 2 2 2 2 2 2 2 2 2
left_child=1 3 -3 -1 5 -5 7 -7 9 -8 12 -10 13 14 -9 -16 -17
right_child=-2 2 -4 4 -6 6 8 10 11 -11 -12 -13 -14 -15 15 16 -18
leaf_value=0.007244371995329857 0.011166323281055235 -0.016949636093340815 -0.0032129657557508091 0.00088851141470779732 0.0044792910904756615 -0.0010145286002873697 0.00032303233830524342 -3.89660592852372e-06 0.00010051983495941386 -0.00072533165159536746 -0.00058001633951789702 0.00072220371384901227 0.00029675683725231681 -0.00012760268663987518 -6.9927643995643376e-05 -2.8135314452178456e-05 -5.2176565281115479e-05
leaf_weight=20 23 20 34 41 21 22 28 33 20 26 32 28 21 25 21 23 25
leaf_count=20 23 20 34 41 21 22 28 33 20 26 32 28 21 25 21 23 25
internal_value=0.000118801 -0.000458683 -0.00830062 0.000638376 0.000277392 2.16244e-05 -9.52912e-05 -0.000204886 0.000121749 -0.000181736 -0.000105929 0.000463169 -3.42411e-06 -5.30603e-05 -3.47901e-05 -4.95653e-05 -4.06568e-05
internal_weight=463 440 54 386 366 345 304 202 102 54 180 48 148 127 102 69 48
internal_count=463 440 54 386 366 345 304 202 102 54 180 48 148 127 102 69 48
is_linear=0
shrinkage=0.05


Tree=127
num_leaves=18
num_cat=0
split_feature=17 5 18 3 17 17 17 13 5 5 0 13 13 5 14 5 5
split_gain=1.53238 1.34238 0.857799 0.3406 0.110861 0.0145754 0.0228299 0.00368742 0.00316034 0.00692991 0.00563491 0.00214705 0.000726752 6.24392e-05 1.68077e-05 4.51845e-06 2.49947e-06
threshold=0.98362580730055971 9.1650000000000009 1.5000000000000002 -1.0000000180025095e-35 0.66750447066688434 0.46320833851545312 0.21895736022038681 1.2185907750067047 7.6200000000000001 5.0650000000000004 1.0000000180025095e-35 1.6928867868596225 1.902519201228879 4.955000000000001 0.33017355215996985 2.9900000000000007 3.9950000000000006
decision_type=2 2 2 2 2 2 2 2 2 2 2 2 2 2 2 2 2
left_child=1 3 -3 -1 5 6 7 -5 9 10 12 -11 13 14 -9 -16 -17
right_child=-2 2 -4 4 -6 -7 -8 8 -10 11 -12 -13 -14 -15 15 16 -18
leaf_value=0.0068821535632014284 0.013650728409120348 -0.01610215436667204 -0.0030523175654439804 0.00042413389044148583 0.0038030046579660848 -0.0012705069125248966 0.0015434965795672422 -3.7017758696685749e-06 -0.00069571290355683734 6.2723968273660703e-05 -0.00083897142232613521 0.00065397089253083854 -0.00034055574259792389 -0.00012122255540452899 -6.6431261698848438e-05 -2.672854879283873e-05 -4.956773552112281e-05
leaf_weight=20 20 20 34 35 20 22 24 33 22 28 31 34 26 25 21 23 25
leaf_count=20 20 20 34 35 20 22 24 33 22 28 31 34 26 25 21 23 25
internal_value=0.000112861 -0.000498329 -0.00788559 0.000527151 0.000182707 -2.476e-05 5.90517e-05 -5.85281e-05 -0.000121562 -7.02155e-05 -0.000224262 0.000386956 -9.97136e-05 -5.04073e-05 -3.30506e-05 -4.70871e-05 -3.8624e-05
internal_weight=463 443 54 389 369 349 327 303 268 246 184 62 153 127 102 69 48
internal_count=463 443 54 389 369 349 327 303 268 246 184 62 153 127 102 69 48
is_linear=0
shrinkage=0.05


Tree=128
num_leaves=14
num_cat=0
split_feature=17 14 14 17 3 13 17 14 14 17 9 14 17
split_gain=1.38298 0.771189 0.243672 0.0511892 0.0842637 0.0162971 0.0115116 0.00709694 0.00698016 0.011202 0.0076317 0.000824104 8.30308e-05
threshold=0.98362580730055971 0.91336405529953935 0.06304799967374905 0.4111244002172259 3.1000000000000005 1.2185907750067047 0.60014725725297469 0.33017355215996985 0.67605317890787509 -0.19974228746453723 0.29492208174907669 0.31796157059314961 -0.22694064964358676
decision_type=2 2 2 2 2 2 2 2 2 2 2 2 2
left_child=1 2 -1 4 5 -4 -5 11 9 12 -10 -7 -9
right_child=-2 -3 3 6 -6 7 -8 8 10 -11 -12 -13 -14
leaf_value=0.0049847977154928707 0.012968192645930686 -0.01006750388070941 0.0007241857670075996 0.0022375428315717727 -0.0028647880925906496 -0.00089900358800298072 0.00054110187105834481 -0.00016458308485372519 -0.0014676590116141598 0.0010081843510058453 -8.6382121953647593e-05 -0.00060421763198863839 -0.00024912781897766859
leaf_weight=23 20 20 38 20 34 37 20 47 20 22 20 66 76
leaf_count=23 20 20 38 20 34 37 20 47 20 22 20 66 76
internal_value=0.000107218 -0.000473413 -1.97917e-05 -0.000307556 -0.000496098 -0.000249056 0.00138932 -0.00037747 -0.00019227 -3.09591e-05 -0.000777021 -0.000710112 -0.000216822
internal_weight=463 443 423 400 360 326 40 288 185 145 40 103 123
internal_count=463 443 423 400 360 326 40 288 185 145 40 103 123
is_linear=0
shrinkage=0.05


Tree=129
num_leaves=17
num_cat=0
split_feature=17 5 18 6 17 17 17 13 5 5 8 4 13 14 5 5
split_gain=1.24814 1.16901 0.769977 0.283343 0.105122 0.0143178 0.0217867 0.002628 0.00261288 0.00628897 0.00533168 0.00228384 0.000530148 5.81534e-05 1.67435e-05 6.10534e-06
threshold=0.98362580730055971 9.1650000000000009 1.5000000000000002 -1.0000000180025095e-35 0.66750447066688434 0.46320833851545312 0.21895736022038681 1.2185907750067047 7.6200000000000001 5.0650000000000004 1.0000000180025095e-35 -0.30499999999999994 1.902519201228879 0.33017355215996985 3.9950000000000006 2.9900000000000007
decision_type=2 2 2 2 2 2 2 2 2 2 2 2 2 2 2 2
left_child=1 3 -3 -1 5 6 7 -5 9 10 12 -11 13 -9 15 -15
right_child=-2 2 -4 4 -6 -7 -8 8 -10 11 -12 -13 -14 14 -16 -17
leaf_value=0.0063035155832767489 0.012319782059639692 -0.015128088716883212 -0.0027643105241141339 0.00036671791591548497 0.0037184069224167615 -0.0012436489532278343 0.0015242429877010486 1.8237973137463374e-05 -0.00061602319361885429 0.00071195672258156644 -0.00079196778336359608 0.00010376191754458528 -0.00027857777123035005 -5.206238632429935e-05 -7.6706452056809907e-05 -1.4773659305596401e-05
leaf_weight=20 20 20 34 35 20 22 24 41 22 29 31 33 26 21 42 23
leaf_count=20 20 20 34 35 20 22 24 41 22 29 31 33 26 21 42 23
internal_value=0.000101857 -0.000449742 -0.00734349 0.00050723 0.000193068 -8.95697e-06 7.4111e-05 -4.07509e-05 -9.39652e-05 -4.7277e-05 -0.000194027 0.00038824 -7.28761e-05 -3.07639e-05 -5.41253e-05 -3.25706e-05
internal_weight=463 443 54 389 369 349 327 303 268 246 184 62 153 127 86 44
internal_count=463 443 54 389 369 349 327 303 268 246 184 62 153 127 86 44
is_linear=0
shrinkage=0.05


Tree=130
num_leaves=17
num_cat=0
split_feature=5 14 17 5 0 9 9 9 17 17 0 14 5 5 14 14
split_gain=1.04475 0.949392 0.656944 0.0430183 0.0597853 0.15733 0.0717249 0.0377044 0.00247559 0.00236055 0.00412456 0.000582487 0.000440069 5.54689e-05 2.08633e-05 1.80349e-06
threshold=12.115000000000002 0.94080631686743754 -0.29886153460104409 6.1200000000000001 1.0000000180025095e-35 0.17015401023349122 0.6270889100615521 0.78510417833538715 0.10752951192660611 -0.28170473793106393 1.0000000180025095e-35 0.38362831858407087 5.9500000000000002 4.955000000000001 0.33017355215996985 0.34435483870967748
decision_type=2 2 2 2 2 2 2 2 2 2 2 2 2 2 2 2
left_child=1 2 -1 7 -5 -6 -7 8 9 -4 11 12 13 14 -11 -16
right_child=-2 -3 3 4 5 6 -8 -9 -10 10 -12 -13 -14 -15 15 -17
leaf_value=-0.0086716663007709114 0.010882187515962869 -0.011176601650991611 0.00041192154434787471 -0.00084613744924166086 0.0056248246878385548 -0.00091866353576603745 0.0028348435671068728 -0.002202279295306653 0.00057201895951515156 2.8201096186724804e-05 -0.00051880578602998492 0.00027015177116621861 0.00022931630010134541 -8.8728922016273899e-05 -1.604477391083492e-05 -3.3616039613464281e-05
leaf_weight=22 20 21 31 29 20 35 20 20 21 30 39 26 20 26 40 23
leaf_count=22 20 21 31 29 20 35 20 20 21 30 39 26 20 26 40 23
internal_value=-0.000284655 -0.000812638 -0.000271237 0.000215104 0.00108175 0.0018272 0.000446248 -0.000111459 5.18865e-05 5.40653e-06 -5.63678e-05 5.29357e-05 1.23054e-05 -2.41671e-05 -6.11749e-06 -2.24597e-05
internal_weight=443 423 402 380 104 75 55 276 256 235 204 165 139 119 93 63
internal_count=443 423 402 380 104 75 55 276 256 235 204 165 139 119 93 63
is_linear=0
shrinkage=0.05


Tree=131
num_leaves=14
num_cat=0
split_feature=4 4 3 14 13 4 4 18 9 4 13 14 13
split_gain=1.00959 0.631644 0.278849 0.187852 0.0202482 0.014116 0.00801616 0.0053125 0.00524548 0.00227735 0.00162478 0.00151088 1.26376e-05
threshold=-1.7149999999999996 1.7750000000000001 6.2500000000000009 0.30714285714285722 1.2185907750067047 -1.0449999999999997 0.39500000000000007 1.5000000000000002 0.046204389340868131 -0.024999999999999998 1.6928867868596225 0.75782013685239502 1.902519201228879
decision_type=2 2 2 2 2 2 2 2 2 2 2 2 2
left_child=-1 2 3 -2 -5 -6 7 9 10 -7 -9 -10 -12
right_child=1 -3 -4 4 5 6 -8 8 11 -11 12 -13 -14
leaf_value=-0.011247745648142883 0.0045219686580821872 0.0073703268446542076 -0.0058815672904962589 0.00091868933814112099 0.00092049649392720321 -0.001158809214195406 -0.0014185609633568675 -0.00012540792487838881 0.00049258566699184785 -0.00056135533211937436 -0.00048040866769143674 -6.8454902066150677e-05 -0.00051703510756072183
leaf_weight=20 22 29 21 34 20 22 20 42 24 58 72 24 35
leaf_count=20 22 29 21 34 20 22 20 42 24 58 72 24 35
internal_value=-0.000270422 0.0002486 -0.000275588 4.00306e-05 -0.000240889 -0.00036526 -0.000451843 -0.000382044 -0.000242506 -0.000725655 -0.000388945 0.000212065 -0.000492389
internal_weight=443 423 394 373 351 317 297 277 197 80 149 48 107
internal_count=443 423 394 373 351 317 297 277 197 80 149 48 107
is_linear=0
shrinkage=0.05


end of trees

feature_importances:
preco_num=448
media_num=338
position_avg_points=290
position_percentile=199
variacao_num=183
value_vs_position=146
value_score=87
pontos_rodadas_mean=82
jogos_num=56
status_id=41
posicao_encoded=36
num_rodadas_jogou=15
player_avg_points=8
points_change=2

parameters:
[boosting: gbdt]
[objective: regression]
[metric: l1]
[tree_learner: serial]
[device_type: cpu]
[data_sample_strategy: bagging]
[data: ]
[valid: ]
[num_iterations: 500]
[learning_rate: 0.05]
[num_leaves: 31]
[num_threads: 0]
[seed: 42]
[deterministic: 0]
[force_col_wise: 0]
[force_row_wise: 0]
[histogram_pool_size: -1]
[max_depth: -1]
[min_data_in_leaf: 20]
[min_sum_hessian_in_leaf: 0.001]
[bagging_fraction: 0.8]
[pos_bagging_fraction: 1]
[neg_bagging_fraction: 1]
[bagging_freq: 5]
[bagging_seed: 400]
[bagging_by_query: 0]
[feature_fraction: 0.8]
[feature_fraction_bynode: 1]
[feature_fraction_seed: 30056]
[extra_trees: 0]
[extra_seed: 12879]
[early_stopping_round: 0]
[early_stopping_min_delta: 0]
[first_metric_only: 0]
[max_delta_step: 0]
[lambda_l1: 0]
[lambda_l2: 0]
[linear_lambda: 0]
[min_gain_to_split: 0]
[drop_rate: 0.1]
[max_drop: 50]
[skip_drop: 0.5]
[xgboost_dart_mode: 0]
[uniform_drop: 0]
[drop_seed: 17869]
[top_rate: 0.2]
[other_rate: 0.1]
[min_data_per_group: 100]
[max_cat_threshold: 32]
[cat_l2: 10]
[cat_smooth: 10]
[max_cat_to_onehot: 4]
[top_k: 20]
[monotone_constraints: ]
[monotone_constraints_method: basic]
[monotone_penalty: 0]
[feature_contri: ]
[forcedsplits_filename: ]
[refit_decay_rate: 0.9]
[cegb_tradeoff: 1]
[cegb_penalty_split: 0]
[cegb_penalty_feature_lazy: ]
[cegb_penalty_feature_coupled: ]
[path_smooth: 0]
[interaction_constraints: ]
[verbosity: -1]
[saved_feature_importance_type: 0]
[use_quantized_grad: 0]
[num_grad_quant_bins: 4]
[quant_train_renew_leaf: 0]
[stochastic_rounding: 1]
[linear_tree: 0]
[max_bin: 255]
[max_bin_by_feature: ]
[min_data_in_bin: 3]
[bin_construct_sample_cnt: 200000]
[data_random_seed: 175]
[is_enable_sparse: 1]
[enable_bundle: 1]
[use_missing: 1]
[zero_as_missing: 0]
[feature_pre_filter: 1]
[pre_partition: 0]
[two_round: 0]
[header: 0]
[label_column: ]
[weight_column: ]
[group_column: ]
[ignore_column: ]
[categorical_feature: ]
[forcedbins_filename: ]
[precise_float_parser: 0]
[parser_config_file: ]
[objective_seed: 16083]
[num_class: 1]
[is_unbalance: 0]
[scale_pos_weight: 1]
[sigmoid: 1]
[boost_from_average: 1]
[reg_sqrt: 0]
[alpha: 0.9]
[fair_c: 1]
[poisson_max_delta_step: 0.7]
[tweedie_variance_power: 1.5]
[lambdarank_truncation_level: 30]
[lambdarank_norm: 1]
[label_gain: ]
[lambdarank_position_bias_regularization: 0]
[eval_at: ]
[multi_error_top_k: 1]
[auc_mu_weights: ]
[num_machines: 1]
[local_listen_port: 12400]
[time_out: 120]
[machine_list_filename: ]
[machines: ]
[gpu_platform_id: -1]
[gpu_device_id: -1]
[gpu_use_dp: 0]
[num_gpu: 1]

end of parameters

pandas_categorical:[]
